Date,BC_emissions,C2F6_emissions,CCl4_emissions,CF4_emissions,CFC11_emissions,CFC113_emissions,CFC114_emissions,CFC115_emissions,CFC12_emissions,CH3Br_emissions,CH3CCl3_emissions,CH3Cl_emissions,CH4_emissions,CO_emissions,ffi_emissions,halon1211_emissions,halon1301_emissions,halon2402_emissions,HCFC141b_emissions,HCFC142b_emissions,HCFC22_emissions,HFC125_emissions,HFC134a_emissions,HFC143a_emissions,HFC227ea_emissions,HFC23_emissions,HFC245fa_emissions,HFC32_emissions,HFC4310_emissions,luc_emissions,N2O_emissions,NOX_emissions,OC_emissions,SF6_emissions,SO2_emissions,NMVOC_emissions
1750,2.097770755,0,0.024856862,0.010071225,0,0,0,0,0,105.08773,0,4275.7449,19.01978312,348.5273588,0.083719153,0.007723273,0,0,0,0,0,0,0,0,0,0,0,0,0,0.081126711,0.027375869,4.052873099,15.44766815,0,1219.072115,60.02182622
1751,2.072925926,0,0.024856862,0.010071225,0,0,0,0,0,105.1072,0,4276.7685,18.91510887,343.9263672,0.085211744,0.007723273,0,0,0,0,0,0,0,0,0,0,0,0,0,0.082619209,0.027893061,4.007393616,15.18871674,0,1203.249824,59.08812628
1752,2.064311933,0,0.024856862,0.010071225,0,0,0,0,0,105.12502,0,4277.7049,18.88971181,341.8090339,0.086732801,0.007723273,0,0,0,0,0,0,0,0,0,0,0,0,0,0.084139164,0.028420024,4.008019655,15.03447574,0,1197.622672,58.63199703
1753,2.071950564,0,0.024856862,0.010071225,0,0,0,0,0,105.10373,0,4276.586,19.12137723,343.6754562,0.088280813,0.007723273,0,0,0,0,0,0,0,0,0,0,0,0,0,0.085687082,0.028956943,3.990691378,15.18254515,0,1204.406034,59.0263494
1754,2.099349783,0,0.024856862,0.010071225,0,0,0,0,0,105.07356,0,4274.9998,19.50906107,349.8156252,0.08985831,0.007723273,0,0,0,0,0,0,0,0,0,0,0,0,0,0.087263478,0.029504005,4.021566039,15.55877305,0,1230.071933,60.26994517
1755,2.099173165,0,0.024856862,0.010071225,0,0,0,0,0,105.09182,0,4275.9598,19.50045493,348.144668,0.091464808,0.007723273,0,0,0,0,0,0,0,0,0,0,0,0,0,0.088868875,0.030061403,4.062668352,15.35818253,0,1220.224569,59.82493372
1756,2.068915407,0,0.024856862,0.010071225,0,0,0,0,0,105.08556,0,4275.6306,19.4625366,343.3231517,0.093277216,0.007723273,0,0,0,0,0,0,0,0,0,0,0,0,0,0.090503806,0.030629331,3.951338356,15.19577663,0,1208.648201,58.94682931
1757,2.147923676,0,0.024856862,0.010071225,0,0,0,0,0,105.09137,0,4275.9361,20.02354066,355.9418923,0.094943327,0.007723273,0,0,0,0,0,0,0,0,0,0,0,0,0,0.092168815,0.031207988,4.179514081,15.70481912,0,1252.753938,61.263693
1758,2.12061141,0,0.024856862,0.010071225,0,0,0,0,0,105.09662,0,4276.2118,19.93400533,351.839749,0.096640069,0.007723273,0,0,0,0,0,0,0,0,0,0,0,0,0,0.093864456,0.031797577,4.130566476,15.51461163,0,1238.904321,60.43461244
1759,2.117267431,0,0.024856862,0.010071225,0,0,0,0,0,105.08372,0,4275.5338,20.14146621,351.5077627,0.098368006,0.007723273,0,0,0,0,0,0,0,0,0,0,0,0,0,0.095591292,0.032398306,4.058389544,15.57401349,0,1235.798851,60.44526305
1760,2.127804105,0,0.024856862,0.010071225,0,0,0,0,0,105.04022,0,4273.2473,20.41679714,354.4182853,0.100126704,0.007723273,0,0,0,0,0,0,0,0,0,0,0,0,0,0.097349896,0.033010383,4.045707604,15.81906393,0,1247.897982,61.05172479
1761,2.137756989,0,0.024856862,0.010071225,0,0,0,0,0,105.09143,0,4275.9395,20.45599017,354.7079679,0.102180812,0.007723273,0,0,0,0,0,0,0,0,0,0,0,0,0,0.099140854,0.033634024,4.126569533,15.69191588,0,1253.611803,60.9842272
1762,2.101748109,0,0.024856862,0.010071225,0,0,0,0,0,105.08127,0,4275.4052,20.45168738,349.2496972,0.104005825,0.007723273,0,0,0,0,0,0,0,0,8.32E-08,0,0,1.51E-06,0,0.10096476,0.034269447,3.977951835,15.52593531,0,1232.289641,60.02708933
1763,2.107029758,0,0.024856862,0.010071225,0,0,0,0,0,105.09332,0,4276.0386,20.54517934,350.0593349,0.105864392,0.007723273,0,0,0,0,0,0,0,0,6.68E-07,0,0,1.24E-05,0,0.102822221,0.034916874,4.020330608,15.52676249,0,1239.528004,60.12706627
1764,2.071549227,0,0.024856862,0.010071225,0,0,0,0,0,105.1104,0,4276.9364,20.26091721,342.0446107,0.107757132,0.007723273,0,0,0,0,0,0,0,0,1.27E-06,0,0,2.50E-05,0,0.104713854,0.035576533,4.002408049,14.95869898,0,1209.988957,58.43835717
1765,2.123600022,0,0.024856862,0.010071225,0,0,0,0,0,105.07293,0,4274.9668,20.919155,352.9327258,0.109684672,0.007723273,0,0,0,0,0,0,0,0,1.39E-06,0,0,3.03E-05,0,0.106640287,0.036248654,4.053785851,15.67992411,0,1247.802492,60.62945786
1766,2.110459977,0,0.024856862,0.010071225,0,0,0,0,0,105.07758,0,4275.2111,20.8535919,349.380645,0.111996371,0.007723273,0,0,0,0,0,0,0,0,1.42E-06,0,0,3.44E-05,0,0.108602161,0.036933473,4.060786845,15.35883081,0,1241.234749,59.85878463
1767,2.112460701,0,0.024856862,0.010071225,0,0,0,0,0,105.08566,0,4275.6359,20.99917946,349.616099,0.113995445,0.007723273,0,0,0,0,0,0,0,0,1.46E-06,0,0,3.84E-05,0,0.110600128,0.03763123,4.056212094,15.4005645,0,1240.402677,59.8910269
1768,2.18313204,0,0.024856862,0.010071225,0,0,0,0,0,105.04673,0,4273.5893,21.65945211,362.6536848,0.116031275,0.007723273,0,0,0,0,0,0,0,0,1.49E-06,0,0,4.25E-05,0,0.112634852,0.038342169,4.221920218,16.0637302,0,1291.679938,62.36582555
1769,2.137633742,0,0.024856862,0.010071225,0,0,0,0,0,105.0767,0,4275.165,21.49633535,355.0254185,0.118104539,0.007723273,0,0,0,0,0,0,0,0,1.53E-06,0,0,4.65E-05,0,0.114707009,0.03906654,4.091901872,15.73509479,0,1270.386611,60.95040361
1770,2.139364739,0,0.024856862,0.010071225,0,0,0,0,0,105.04544,0,4273.5216,21.63439757,355.3605476,0.120215924,0.007723273,0,0,0,0,0,0,0,0,1.57E-06,0,0,5.06E-05,0,0.116817287,0.039804595,4.104971231,15.74271509,0,1274.50695,60.96602721
1771,2.100909701,0,0.024856862,0.010071225,0,0,0,0,0,105.07227,0,4274.9318,21.4289211,347.8619883,0.122732998,0.007723273,0,0,0,0,0,0,0,0,1.60E-06,0,0,5.47E-05,0,0.118966389,0.040556594,4.017239842,15.32197739,0,1227.253659,59.42424033
1772,2.087077541,0,0.024856862,0.010071225,0,0,0,0,0,105.08887,0,4275.8046,21.39461572,344.6134738,0.12492275,0.007723273,0,0,0,0,0,0,0,0,1.64E-06,0,0,5.87E-05,0,0.121155028,0.0413228,3.985659067,15.11418329,0,1214.990491,58.72495295
1773,2.092755603,0,0.024856862,0.010071225,0,0,0,0,0,105.06952,0,4274.7874,21.59523139,345.7768091,0.127152766,0.007723273,0,0,0,0,0,0,0,0,1.67E-06,0,0,6.28E-05,0,0.123383931,0.042103481,3.96764091,15.20466379,0,1217.834129,58.91656885
1774,2.154900741,0,0.024856862,0.010071225,0,0,0,0,0,105.0265,0,4272.5262,22.25970773,358.103585,0.129423787,0.007723273,0,0,0,0,0,0,0,0,1.71E-06,0,0,6.68E-05,0,0.12565384,0.042898911,4.068368477,15.87559318,0,1263.469209,61.31335787
1775,2.148996597,0,0.024856862,0.010071225,0,0,0,0,0,105.05246,0,4273.8905,22.20096329,355.0471729,0.131736568,0.007723273,0,0,0,0,0,0,0,0,1.75E-06,0,0,7.09E-05,0,0.127965509,0.043709368,4.095542671,15.5891357,0,1247.682074,60.54083046
1776,2.112143132,0,0.024856862,0.010071225,0,0,0,0,0,105.03944,0,4273.2061,22.14194213,348.8985525,0.134478894,0.007723273,0,0,0,0,0,0,0,0,1.78E-06,0,0,7.49E-05,0,0.130319706,0.044535137,3.948555042,15.37007702,0,1232.373548,59.3811448
1777,2.170244784,0,0.024856862,0.010071225,0,0,0,0,0,105.05273,0,4273.9048,22.56871006,357.545361,0.136877514,0.007723273,0,0,0,0,0,0,0,0,1.82E-06,0,0,7.90E-05,0,0.132717213,0.045376507,4.1163214,15.67345753,0,1259.692989,60.89349007
1778,2.198001402,0,0.024856862,0.010071225,0,0,0,0,0,105.04465,0,4273.48,22.85608093,362.7554135,0.139320241,0.007723273,0,0,0,0,0,0,0,0,1.85E-06,0,0,8.30E-05,0,0.135158828,0.046233772,4.203180157,15.89945625,0,1279.283844,61.78348695
1779,2.159615777,0,0.024856862,0.010071225,0,0,0,0,0,105.03691,0,4273.0734,22.82063569,355.9261715,0.141807887,0.007723273,0,0,0,0,0,0,0,0,1.89E-06,0,0,8.71E-05,0,0.137645361,0.047107232,4.040709289,15.62745786,0,1250.87928,60.50081488
1780,2.189267588,0,0.024856862,0.010071225,0,0,0,0,0,104.98817,0,4270.511,23.24616665,361.6140422,0.144342285,0.007723273,0,0,0,0,0,0,0,0,1.92E-06,0,0,9.10E-05,0,0.140177639,0.047997195,4.046461254,16.0183808,0,1271.818744,61.61859566
1781,2.1894412,0,0.024856862,0.010071225,0,0,0,0,0,105.04236,0,4273.3596,23.24965548,360.0900539,0.147413095,0.007723273,0,0,0,0,0,0,0,0,1.96E-06,0,0,9.52E-05,0,0.142756504,0.04890397,4.098282367,15.80695227,0,1274.550889,61.19330647
1782,2.160522701,0,0.024856862,0.010071225,0,0,0,0,0,105.03125,0,4272.7759,23.34175812,356.0465546,0.150040522,0.007723273,0,0,0,0,0,0,0,0,2.00E-06,0,0,9.92E-05,0,0.145382812,0.049827877,3.965650335,15.71282083,0,1258.104036,60.48572145
1783,2.15072559,0,0.024856862,0.010071225,0,0,0,0,0,105.0436,0,4273.4248,23.37991679,354.2869243,0.152717274,0.007723273,0,0,0,0,0,0,0,0,2.03E-06,0,0,0.000103294,0,0.148057437,0.050769238,3.960319363,15.60726047,0,1255.749889,60.10171272
1784,2.140542212,0,0.024856862,0.010071225,0,0,0,0,0,105.05531,0,4274.0405,23.2940423,350.5694963,0.155442223,0.007723273,0,0,0,0,0,0,0,0,2.07E-06,0,0,0.000107369,0,0.150781268,0.051728384,4.009052919,15.22814126,0,1238.191186,59.21225989
1785,2.165839691,0,0.024856862,0.010071225,0,0,0,0,0,105.02817,0,4272.6136,23.80210554,356.8051254,0.158219376,0.007723273,0,0,0,0,0,0,0,0,2.10E-06,0,0,0.000111374,0,0.153555209,0.05270565,3.994720823,15.73271148,0,1263.608417,60.49447936
1786,2.158683485,0,0.024856862,0.010071225,0,0,0,0,0,105.02684,0,4272.5442,23.831995,354.2058773,0.161672355,0.007723273,0,0,0,0,0,0,0,0,2.14E-06,0,0,0.000115425,0,0.156380182,0.053701379,3.999599202,15.46715712,0,1260.952391,59.91468241
1787,2.185179294,0,0.024856862,0.010071225,0,0,0,0,0,105.03415,0,4272.9283,24.17652818,358.7933683,0.164551427,0.007723273,0,0,0,0,0,0,0,0,2.18E-06,0,0,0.000119493,0,0.159257127,0.05471592,4.061053496,15.71033146,0,1278.337187,60.75335708
1788,2.255223484,0,0.024856862,0.010071225,0,0,0,0,0,104.9922,0,4270.7227,24.85592892,371.3570923,0.167482418,0.007723273,0,0,0,0,0,0,0,0,2.21E-06,0,0,0.000123457,0,0.162187,0.055749628,4.221412419,16.34335434,0,1322.981922,63.12433047
1789,2.207664632,0,0.024856862,0.010071225,0,0,0,0,0,105.0242,0,4272.405,24.71707284,363.4416446,0.170468319,0.007723273,0,0,0,0,0,0,0,0,2.25E-06,0,0,0.000127579,0,0.165170773,0.056802864,4.088213639,16.00040861,0,1297.895013,61.63229238
1790,2.216436996,0,0.024856862,0.010071225,0,0,0,0,0,104.99139,0,4270.6805,24.94220857,364.8802164,0.173509112,0.007723273,0,0,0,0,0,0,0,0,2.28E-06,0,0,0.000131556,0,0.16820944,0.057875999,4.115507951,16.05674391,0,1301.751406,61.84599181
1791,2.172583556,0,0.024856862,0.010071225,0,0,0,0,0,105.02128,0,4272.2515,24.77843217,356.6583862,0.177220607,0.007723273,0,0,0,0,0,0,0,0,2.32E-06,0,0,0.000135678,0,0.171304009,0.058969407,4.022387666,15.61644988,0,1281.766539,60.2187392
1792,2.161650793,0,0.024856862,0.010071225,0,0,0,0,0,105.04466,0,4273.4807,24.81889294,354.2515376,0.180550627,0.007723273,0,0,0,0,0,0,0,0,2.36E-06,0,0,0.000139789,0,0.174455509,0.060083473,4.026622317,15.44666919,0,1276.945651,59.70568574
1793,2.153273834,0,0.024856862,0.010071225,0,0,0,0,0,105.02605,0,4272.5025,25.03153141,353.3723093,0.183766373,0.007723273,0,0,0,0,0,0,0,0,2.39E-06,0,0,0.000143796,0,0.177664988,0.061218586,3.970141372,15.47797954,0,1273.692538,59.5849395
1794,2.213843116,0,0.024856862,0.010071225,0,0,0,0,0,104.98417,0,4270.301,25.76753778,365.721914,0.187022242,0.007723273,0,0,0,0,0,0,0,0,2.43E-06,0,0,0.000147737,0,0.180933512,0.062375143,4.078694206,16.16525997,0,1320.299025,62.03822453
1795,2.202692273,0,0.024856862,0.010071225,0,0,0,0,0,105.01093,0,4271.7076,25.77334281,362.1921227,0.190354409,0.007723273,0,0,0,0,0,0,0,0,2.46E-06,0,0,0.000151861,0,0.184262168,0.063553551,4.096591822,15.88313195,0,1304.063301,61.24273214
1796,2.153154616,0,0.024856862,0.010071225,0,0,0,0,0,104.99978,0,4271.1214,25.74058407,354.4783029,0.194044574,0.007723273,0,0,0,0,0,0,0,0,2.50E-06,0,0,0.000155881,0,0.187652061,0.064754221,3.919418673,15.6283698,0,1283.408726,59.86424243
1797,2.213475036,0,0.024856862,0.010071225,0,0,0,0,0,105.01623,0,4271.986,26.23006226,363.5482372,0.197812881,0.007723273,0,0,0,0,0,0,0,0,2.54E-06,0,0,0.00015998,0,0.191104318,0.065977575,4.119449619,15.93865305,0,1319.089514,61.47137695
1798,2.234056283,0,0.024856862,0.010070485,0,0,0,0,0,105.0081,0,4271.559,26.54644012,367.6501028,0.201606503,0.007723273,0,0,0,0,0,0,0,0,2.57E-06,0,0,0.000164008,0,0.194620088,0.067224041,4.197560018,16.12667274,0,1341.352479,62.19763903
1799,2.207292165,0,0.024856862,0.010071964,0,0,0,0,0,104.99068,0,4270.6431,26.70648817,363.4860469,0.205559112,0.007723273,0,0,0,0,0,0,0,0,2.61E-06,0,0,0.000168006,0,0.198200537,0.068494055,4.058749048,16.03734279,0,1329.618418,61.4962302
1800,2.215974055,0,0.024856862,0.010071225,0,0,0,0,0,104.95838,0,4268.9449,27.05634308,365.8466368,0.209695348,0.007723273,0,0,0,0,0,0,0,0,2.64E-06,0,0,0.000171953,0,0.201846856,0.069788063,4.04284822,16.2421417,0,1348.243911,62.00320914
1801,2.21940169,0,0.024856862,0.010071225,0,0,0,0,0,105.01099,0,4271.7107,27.12488718,364.9170684,0.213347901,0.007723273,0,0,0,0,0,0,0,0,2.68E-06,0,0,0.000176172,0,0.205560256,0.071106517,4.099452921,16.06373322,0,1343.166588,61.66564779
1802,2.202692661,0,0.024856862,0.010071225,0,0,0,0,0,104.99468,0,4270.8532,27.33978432,362.9627075,0.219452623,0.007723273,0,0,0,0,0,0,0,0,2.72E-06,0,0,0.00018017,0,0.209341973,0.072449881,3.987671957,16.07582361,0,1362.600857,61.32615659
1803,2.180015828,0,0.024856862,0.010071225,0,0,0,0,0,105.0108,0,4271.7009,27.32049985,358.65078,0.221951913,0.007723273,0,0,0,0,0,0,0,0,2.75E-06,0,0,0.000184276,0,0.213193262,0.073818623,3.94459722,15.83103088,0,1336.891877,60.40434182
1804,2.197298087,0,0.024856862,0.010071225,0,0,0,0,0,105.0121,0,4271.7691,27.46474997,359.528696,0.226675202,0.007723273,0,0,0,0,0,0,0,0,2.79E-06,0,0,0.000188332,0,0.217115404,0.075213224,4.046801328,15.67624811,0,1344.84068,60.36470275
1805,2.215042398,0,0.024856862,0.010071225,0,0,0,0,0,104.98963,0,4270.588,27.9507982,364.3037043,0.230455604,0.007723273,0,0,0,0,0,0,0,0,2.82E-06,0,0,0.000192303,0,0.221109703,0.076634172,4.017580349,16.0941548,0,1363.827457,61.31991146
1806,2.222822585,0,0.024856862,0.010071225,0,0,0,0,0,104.98239,0,4270.2074,28.13437245,364.3432293,0.23495804,0.007723273,0,0,0,0,0,0,0,0,2.86E-06,0,0,0.000196327,0,0.225177484,0.078081965,4.052591153,15.95144317,0,1367.095104,61.22344968
1807,2.239871982,0,0.024856862,0.010071225,0,0,0,0,0,104.99423,0,4270.8298,28.45865603,367.2349328,0.2397839,0.007723273,0,0,0,0,0,0,0,0,2.90E-06,0,0,0.000200421,0,0.229320101,0.07955711,4.083666598,16.11756408,0,1386.478,61.70646914
1808,2.311936484,0,0.024856862,0.010071225,0,0,0,0,0,104.95199,0,4268.6094,29.18524117,380.035272,0.243318093,0.007723273,0,0,0,0,0,0,0,0,2.93E-06,0,0,0.000204308,0,0.233538931,0.081060124,4.254693231,16.7315469,0,1422.24382,64.08195973
1809,2.26744264,0,0.024856862,0.010071225,0,0,0,0,0,104.979,0,4270.0292,29.12865813,372.8486855,0.247623148,0.007723273,0,0,0,0,0,0,0,0,2.97E-06,0,0,0.000208462,0,0.237835374,0.082591533,4.118503001,16.44016599,0,1399.852731,62.71002213
1810,2.279523716,0,0.024856862,0.010071225,0,0,0,0,0,104.93988,0,4267.9729,29.42453242,374.7180119,0.25261724,0.007723273,0,0,0,0,0,0,0,0,3.00E-06,0,0,0.000212353,0,0.24221086,0.084151874,4.141000825,16.52538808,0,1410.889853,62.97351665
1811,2.252530236,0,0.024856862,0.010071225,0,0,0,0,0,104.96903,0,4269.505,29.40578756,369.2694863,0.257675074,0.007723273,0,0,0,0,0,0,0,0,3.04E-06,0,0,0.000216519,0,0.246666843,0.085741693,4.096214556,16.18886557,0,1400.40659,61.829606
1812,2.228006935,0,0.024856862,0.010071225,0,0,0,0,0,104.99029,0,4270.6225,29.4202985,364.5806875,0.262593813,0.007723273,0,0,0,0,0,0,0,0,3.07E-06,0,0,0.000220657,0,0.251204802,0.087361548,4.051521169,15.92905063,0,1391.624548,60.85746997
1813,2.231996859,0,0.024856862,0.010071225,0,0,0,0,0,104.97005,0,4269.5589,29.77847603,365.9138874,0.267268394,0.007723273,0,0,0,0,0,0,0,0,3.11E-06,0,0,0.00022462,0,0.255826247,0.089012005,4.018176403,16.06491504,0,1397.053254,61.1361302
1814,2.291579691,0,0.024856862,0.010071225,0,0,0,0,0,104.93884,0,4267.9182,30.54785186,377.9855417,0.272229341,0.007723273,0,0,0,0,0,0,0,0,3.14E-06,0,0,0.000228532,0,0.260532713,0.090693643,4.125616134,16.71992349,0,1445.733557,63.49192823
1815,2.287324694,0,0.024856862,0.010071225,0,0,0,0,0,104.94955,0,4268.4808,30.64433954,375.5806648,0.277412557,0.007723273,0,0,0,0,0,0,0,0,3.18E-06,0,0,0.000232625,0,0.265325765,0.092407051,4.158150502,16.48749688,0,1439.462969,62.8715757
1816,2.261022,0,0.024856862,0.010071225,0,0,0,0,0,104.93504,0,4267.7184,30.79985622,371.6298228,0.283581453,0.007723273,0,0,0,0,0,0,0,0,3.22E-06,0,0,0.000236606,0,0.270206994,0.09415283,4.04108898,16.39503385,0,1446.130378,62.14643252
1817,2.296180569,0,0.024856862,0.010071225,0,0,0,0,0,104.95336,0,4268.6815,31.19839541,376.4429441,0.289139671,0.007723273,0,0,0,0,0,0,0,0,3.25E-06,0,0,0.000240736,0,0.275178025,0.09593159,4.161499926,16.51722865,0,1468.566024,62.94153101
1818,2.335490105,0,0.024856862,0.010071225,0,0,0,0,0,104.94012,0,4267.9855,31.68760832,383.9142096,0.294286844,0.007723273,0,0,0,0,0,0,0,0,3.29E-06,0,0,0.000244721,0,0.280240508,0.097743955,4.295394176,16.84964888,0,1499.81775,64.26768049
1819,2.304129482,0,0.024856862,0.010071225,0,0,0,0,0,104.92235,0,4267.0511,31.84544135,378.3325838,0.299508585,0.007723273,0,0,0,0,0,0,0,0,3.32E-06,0,0,0.000248681,0,0.285396126,0.099590559,4.14301571,16.66519821,0,1476.937797,63.25758927
1820,2.321048766,0,0.024856862,0.010071225,0,0,0,0,0,104.88909,0,4265.3029,32.33339467,382.4197483,0.304974644,0.007723273,0,0,0,0,0,0,0,0,3.36E-06,0,0,0.000252562,0,0.290646593,0.10147205,4.137834267,16.96356441,0,1496.621906,64.0766433
1821,2.333483777,0,0.024856862,0.010071225,0,0,0,0,0,104.93899,0,4267.9261,32.52138863,382.8975341,0.310546904,0.007723273,0,0,0,0,0,0,0,0,3.40E-06,0,0,0.000256853,0,0.295993653,0.103389087,4.212226721,16.86010032,0,1502.480919,63.98744909
1822,2.302515118,0,0.024856862,0.010071225,0,0,0,0,0,104.92104,0,4266.9822,32.73451052,378.6708004,0.316563299,0.007723273,0,0,0,0,0,0,0,0,3.43E-06,0,0,0.000260807,0,0.301439084,0.105342341,4.046446159,16.79629808,0,1495.973256,63.22724653
1823,2.282471765,0,0.024856862,0.010071225,0,0,0,0,0,104.94096,0,4268.0293,32.75571509,374.3931813,0.323013132,0.007723273,0,0,0,0,0,0,0,0,3.47E-06,0,0,0.000264954,0,0.306984695,0.107332496,4.020228831,16.53271228,0,1496.100456,62.26076437
1824,2.310947811,0,0.024856862,0.010071225,0,0,0,0,0,104.93425,0,4267.6765,33.0519787,377.0407114,0.329123346,0.007723273,0,0,0,0,0,0,0,0,3.50E-06,0,0,0.000268965,0,0.312632329,0.10936025,4.135759455,16.47072526,0,1509.377158,62.5634338
1825,2.322703112,0,0.024856862,0.010071225,0,0,0,0,0,104.91652,0,4266.7449,33.52533882,380.3167498,0.335596097,0.007723273,0,0,0,0,0,0,0,0,3.54E-06,0,0,0.000272916,0,0.318383863,0.111426313,4.096551519,16.80867752,0,1534.608842,63.18578955
1826,2.320968834,0,0.024856862,0.010071225,0,0,0,0,0,104.90841,0,4266.3186,33.7481029,378.8222655,0.341612914,0.007723273,0,0,0,0,0,0,0,0,3.57E-06,0,0,0.000276916,0,0.324241209,0.113531408,4.088749933,16.62077908,0,1528.402855,62.81594151
1827,2.346337782,0,0.024856862,0.010071225,0,0,0,0,0,104.91515,0,4266.6729,34.15505001,382.4773392,0.348834904,0.007723273,0,0,0,0,0,0,0,0,3.61E-06,0,0,0.000280996,0,0.330206314,0.115676273,4.142257251,16.79991923,0,1562.432549,63.38999011
1828,2.420774153,0,0.024856862,0.010071225,0,0,0,0,0,104.87222,0,4264.4159,34.99912851,395.9754325,0.355094505,0.007723273,0,0,0,0,0,0,0,0,3.64E-06,0,0,0.0002848,0,0.336281159,0.11786166,4.302772995,17.4805645,0,1614.23971,65.90535949
1829,2.379376332,0,0.024856862,0.010071225,0,0,0,0,0,104.90025,0,4265.8895,35.01640513,389.1746282,0.361120657,0.007723273,0,0,0,0,0,0,0,0,3.68E-06,0,0,0.000288999,0,0.342467764,0.120088333,4.181515336,17.19408165,0,1593.505854,64.57289824
1830,2.403159831,0,0.024856862,0.010071225,0,0,0,0,0,104.8667,0,4264.1256,35.40215534,392.1065329,0.373686819,0.007723273,0,0,0,0,0,0,0,0,3.72E-06,0,0,0.000292848,0,0.348768184,0.122357074,4.221319321,17.31425157,0,1701.916876,64.94076179
1831,2.361347125,0,0.024856862,0.010071225,0,0,0,0,0,104.89174,0,4265.442,35.37418705,384.2012507,0.378830364,0.007723273,0,0,0,0,0,0,0,0,3.75E-06,0,0,0.000297034,0,0.355184514,0.124668676,4.126176409,16.87772867,0,1657.151606,63.33682174
1832,2.353863299,0,0.024856862,0.010071225,0,0,0,0,0,104.90924,0,4266.362,35.56272349,382.363398,0.385390468,0.007723273,0,0,0,0,0,0,0,0,3.79E-06,0,0,0.000301179,0,0.361718886,0.127023949,4.124886106,16.73898675,0,1656.730046,62.87089656
1833,2.356959381,0,0.024856862,0.010070485,0,0,0,0,0,104.89175,0,4265.4426,35.98083111,383.4537928,0.392585495,0.007723273,0,0,0,0,0,0,0,0,3.82E-06,0,0,0.000305117,0,0.368373472,0.129423719,4.082197144,16.86449692,0,1669.963403,63.0695837
1834,2.412445466,0,0.024856862,0.010071964,0,0,0,0,0,104.854,0,4263.4584,36.76106097,394.1429023,0.39983811,0.007723273,0,0,0,0,0,0,0,0,3.86E-06,0,0,0.000308929,0,0.375150483,0.131868826,4.169714543,17.45428534,0,1717.247062,65.10499264
1835,2.405456375,0,0.024856862,0.010071225,0,0,0,0,0,104.8698,0,4264.2887,36.88278973,390.5551392,0.407310504,0.007723273,0,0,0,0,0,0,0,0,3.90E-06,0,0,0.000313065,0,0.382052171,0.134360127,4.179641367,17.17048679,0,1714.206961,64.23544317
1836,2.404187956,0,0.024856862,0.010071225,0,0,0,0,0,104.84901,0,4263.1961,37.24729235,389.9786644,0.418284205,0.007723273,0,0,0,0,0,0,0,0,3.93E-06,0,0,0.000316975,0,0.389080831,0.136898493,4.094855992,17.23500429,0,1778.916686,64.08016333
1837,2.440210174,0,0.024856862,0.010071225,0,0,0,0,0,104.86946,0,4264.2707,37.69980678,394.7565038,0.425481478,0.007723273,0,0,0,0,0,0,0,0,3.97E-06,0,0,0.000321143,0,0.396238797,0.139484816,4.223187169,17.35383524,0,1793.886401,64.82242714
1838,2.477311746,0,0.024856862,0.010071225,0,0,0,0,0,104.85548,0,4263.5362,38.24210962,401.296187,0.433798801,0.007723273,0,0,0,0,0,0,0,0,4.00E-06,0,0,0.000325092,0,0.40352845,0.14212,4.329760092,17.64153847,0,1837.239797,65.94724657
1839,2.452638138,0,0.024856862,0.010071225,0,0,0,0,0,104.83788,0,4262.6108,38.51117556,396.9116369,0.442243808,0.007723273,0,0,0,0,0,0,0,0,4.04E-06,0,0,0.000329016,0,0.410952211,0.144804968,4.197153936,17.50517633,0,1838.773888,65.11131218
1840,2.443877522,0,0.024856862,0.010071225,0,0,0,0,0,104.80755,0,4261.0163,38.88776194,395.8809162,0.45203521,0.007723273,0,0,0,0,0,0,0,0,4.07E-06,0,0,0.000332852,0,0.418512548,0.147540662,4.101988137,17.57513248,0,1869.762308,64.92298176
1841,2.490489852,0,0.024856862,0.010071225,0,0,0,0,0,104.84789,0,4263.137,39.38162317,402.3727418,0.46079225,0.007723273,0,0,0,0,0,0,0,0,4.11E-06,0,0,0.000337157,0,0.426211974,0.150328039,4.274644915,17.74554357,0,1911.786256,65.94544518
1842,2.449170469,0,0.024856862,0.010070485,0,0,0,0,0,104.84034,0,4262.7403,39.61872888,396.9951221,0.470670839,0.007723273,0,0,0,0,0,0,0,0,4.14E-06,0,0,0.000341144,0,0.434053047,0.153168076,4.114425926,17.59096172,0,1926.94904,64.92167359
1843,2.411136271,0,0.024856862,0.010071964,0,0,0,0,0,104.85726,0,4263.6297,39.65326382,389.7367809,0.479466081,0.007723273,0,0,0,0,0,0,0,0,4.18E-06,0,0,0.000345297,0,0.442038373,0.156061767,4.020243621,17.21821832,0,1925.151142,63.42406091
1844,2.443825896,0,0.024856862,0.010071225,0,0,0,0,0,104.85117,0,4263.3094,40.04426499,392.7074417,0.489993449,0.007723273,0,0,0,0,0,0,0,0,4.22E-06,0,0,0.000349294,0,0.450170605,0.159010127,4.144887392,17.1801219,0,1986.79201,63.7624543
1845,2.471371875,0,0.024856862,0.010071225,0,0,0,0,0,104.83257,0,4262.3319,40.66967667,397.850056,0.502218058,0.007723273,0,0,0,0,0,0,0,0,4.25E-06,0,0,0.000353201,0,0.458452448,0.162014188,4.137117317,17.5993633,0,2075.51963,64.68556723
1846,2.471198742,0,0.024856862,0.010071225,0,0,0,0,0,104.82423,0,4261.8933,40.97519975,395.9082622,0.511057263,0.007723273,0,0,0,0,0,0,0,0,4.29E-06,0,0,0.000357178,0,0.466886653,0.165075003,4.128405052,17.39887857,0,2067.447879,64.24405153
1847,2.521115228,0,0.024856862,0.010071225,0,0,0,0,0,104.82758,0,4262.0693,41.61647168,402.9851575,0.522911899,0.007723273,0,0,0,0,0,0,0,0,4.32E-06,0,0,0.000361238,0,0.475476022,0.168193644,4.223551856,17.76051419,0,2149.196569,65.44362075
1848,2.5773718,1.49E-05,0.024856862,0.010070485,0,0,0,0,0,104.78829,0,4260.004,42.44947063,413.5582929,0.531312686,0.007723273,0,0,0,0,0,0,0,0,4.36E-06,0,0,0.000364987,0,0.484223412,0.171371202,4.3432272,18.30069373,0,2199.265425,67.39824375
1849,2.552394089,0.000119564,0.024856862,0.010071964,0,0,0,0,0,104.81678,0,4261.5016,42.63396461,408.9399341,0.541953588,0.007723273,0,0,0,0,0,0,0,0,4.39E-06,0,0,0.000369231,0,0.493131728,0.174608792,4.27211052,18.07478627,0,2219.696554,66.42707154
1850,2.571124479,0.000224737,0.024856862,0.010071225,0,0,0,0,0,104.93295,0,4267.6083,43.14236365,411.4628743,0.55355771,0.007723273,0,0,0,0,0,0,0,0,4.44E-06,0,0,0.000374134,0,0.502203931,0.177907547,4.282441356,18.22682479,0,2270.458646,66.78304875
1851,2.526692589,0.000240827,0.024856862,0.010071225,0,0,0,0,0,104.96457,0,4269.2706,43.15191371,402.2448153,0.545887909,0.007723273,0,0,0,0,0,0,0,0,4.48E-06,0,0,0.000378419,0,0.494356825,0.181897784,4.192017191,17.72630049,0,2251.541392,64.95004659
1852,2.50763416,0.000241799,0.024856862,0.010071225,0,0,0,0,0,104.98199,0,4270.1861,43.34412933,397.49852,0.603962294,0.007723273,0,0,0,0,0,0,0,0,4.51E-06,0,0,0.0003826,0,0.550352398,0.186213201,4.137718635,17.47926155,0,2272.311999,63.95789986
1853,2.527811743,0.00024278,0.024856862,0.010071225,0,0,0,0,0,104.9693,0,4269.5191,43.88435963,400.3388041,0.604217326,0.007723273,0,0,0,0,0,0,0,0,4.55E-06,0,0,0.000386551,0,0.548298859,0.190055966,4.148040452,17.65848988,0,2320.984206,64.44555418
1854,2.610048543,0.000244056,0.024856862,0.010071225,0,0,0,0,0,104.9226,0,4267.0641,44.80907906,413.3991315,0.612264444,0.007723273,0,0,0,0,0,0,0,0,4.58E-06,0,0,0.000390234,0,0.546408693,0.194060154,4.271434404,18.34043133,0,2529.234003,66.79469522
1855,2.593264313,0.000245478,0.024856862,0.010070485,0,0,0,0,0,104.95064,0,4268.5385,44.9570539,408.1104539,0.609949299,0.007723273,0,0,0,0,0,0,0,0,4.62E-06,0,0,0.0003945,0,0.543429011,0.197578621,4.256051,17.9916486,0,2525.965535,65.65156398
1856,2.573430007,0.000247046,0.024856862,0.010071964,0,0,0,0,0,104.92886,0,4267.3934,45.32147323,404.8549167,0.62054498,0.007723273,0,0,0,0,0,0,0,0,4.65E-06,0,0,0.000398373,0,0.549392376,0.200607981,4.120001281,17.95411805,0,2592.251554,65.0425347
1857,2.636452577,0.00024876,0.024856862,0.010071225,0,0,0,0,0,104.94976,0,4268.4922,46.01300694,414.6731918,0.626575204,0.007723273,0,0,0,0,0,0,0,0,4.69E-06,0,0,0.000402587,0,0.554724792,0.203764286,4.347496683,18.29156565,0,2640.810751,66.72779877
1858,2.660122642,0.00025062,0.024856862,0.010071225,0,0,0,0,0,104.93987,0,4267.9722,46.54057729,419.0140236,0.632381895,0.007723273,0,0,0,0,0,0,0,0,4.73E-06,0,0,0.000406553,0,0.559397958,0.206259934,4.432929547,18.4792763,0,2678.579417,67.47060376
1859,2.64820325,0.000252626,0.024856862,0.010071225,0,0,0,0,0,104.91443,0,4266.635,46.94962615,416.2997485,0.644846755,0.007723273,0,0,0,0,0,0,0,0,4.76E-06,0,0,0.000410389,0,0.567041785,0.208499923,4.30628072,18.44950598,0,2758.889394,66.95694734
1860,2.648404731,0.000254779,0.024856862,0.010810676,0,0,0,0,0,104.89112,0,4265.4096,47.37614023,416.0639966,0.657313219,0.007723273,0,0,0,0,0,0,0,0,4.79E-06,0,0,0.000414238,0,0.571559389,0.210377519,4.244886336,18.520468,0,2891.604817,66.84953493
1861,2.670268663,0.000257078,0.024856862,0.010810691,0,0,0,0,0,104.94268,0,4268.1198,48.2346867,417.2441372,0.673125056,0.007723273,0,0,0,0,0,0,0,0,4.83E-06,0,0,0.000418714,0,0.582742249,0.211681168,4.349662499,18.43711983,0,2964.335519,66.88575551
1862,2.648564983,0.000259523,0.024856862,0.010071254,0,0,0,0,0,104.93302,0,4267.612,49.13056212,414.1628066,0.614449845,0.007723273,0,0,0,0,0,0,0,0,4.87E-06,0,0,0.000422678,0,0.522639884,0.212985443,4.225520402,18.41589321,0,2969.43278,66.35896016
1863,2.629269514,0.000262115,0.024856862,0.010071254,0,0,0,0,0,104.9509,0,4268.552,49.71022253,408.1224194,0.620247029,0.007723273,0,0,0,0,0,0,0,0,4.91E-06,0,0,0.000426877,0,0.52281751,0.214217594,4.15137818,18.09141101,0,3057.285866,65.0096354
1864,2.667755634,0.000264852,0.024856862,0.010071254,0,0,0,0,0,104.94467,0,4268.2247,50.66032473,411.3310643,0.627826107,0.007723273,0,0,0,0,0,0,0,0,4.94E-06,0,0,0.000430869,0,0.523164385,0.215508358,4.272568116,18.0938173,0,3185.756304,65.39906664
1865,2.720201066,0.000267736,0.024856862,0.010810706,0,0,0,0,0,104.93017,0,4267.4623,51.9800751,420.489005,0.634802062,0.007723273,0,0,0,0,0,0,0,0,4.98E-06,0,0,0.000434788,0,0.523932921,0.216720653,4.345950139,18.66656838,0,3319.305411,67.10347351
1866,2.710298337,0.000270766,0.024856862,0.01081072,0,0,0,0,0,104.92398,0,4267.1368,52.74699293,417.1011849,0.638737846,0.007723273,0,0,0,0,0,0,0,0,5.01E-06,0,0,0.000438779,0,0.524068818,0.217873662,4.320873398,18.39468019,0,3380.340351,66.37528156
1867,2.761022671,0.000273942,0.024856862,0.010070544,0,0,0,0,0,104.93094,0,4267.5026,53.94102178,424.2969753,0.645067634,0.007723273,0,0,0,0,0,0,0,0,5.05E-06,0,0,0.000442885,0,0.522559824,0.219106605,4.422799122,18.76835617,0,3557.103778,67.66026449
1868,2.825140562,0.000277265,0.024856862,0.010072023,0,0,0,0,0,104.89186,0,4265.4483,55.28767356,434.9302283,0.64663303,0.007723273,0,0,0,0,0,0,0,0,5.08E-06,0,0,0.000446578,0,0.521099652,0.220718418,4.560906406,19.30124757,0,3659.736579,69.64729381
1869,2.785004317,0.000280734,0.024856862,0.010810735,0,0,0,0,0,104.93014,0,4267.4609,55.83359728,426.4036167,0.652666954,0.007723273,0,0,0,0,0,0,0,0,5.12E-06,0,0,0.000450968,0,0.519456147,0.221955431,4.437588882,18.88882504,0,3782.602804,67.92949559
1870,2.831200782,0.000284349,0.024856862,0.01081075,0,0,0,0,0,104.89317,0,4265.5174,56.99659231,433.2287624,0.654949395,0.007723273,0,0,0,0,0,0,0,0,5.15E-06,0,0,0.000454673,0,0.518357775,0.223321286,4.519266258,19.25812075,0,3878.444905,69.12187694
1871,2.797830347,0.000288111,0.024856862,0.010071314,0,0,0,0,0,104.92871,0,4267.3856,57.57401422,425.1606513,0.683650137,0.007723273,0,0,0,0,0,0,0,0,5.19E-06,0,0,0.000459045,0,0.538488933,0.227169295,4.462753212,18.76177377,0,4006.647561,67.42862358
1872,2.771292694,0.000292019,0.024856862,0.010810765,0,0,0,0,0,104.95075,0,4268.5441,58.18710545,417.7442734,0.784109205,0.007723273,0,0,0,0,0,0,0,0,5.23E-06,0,0,0.000463296,0,0.623859791,0.235432687,4.367951709,18.36534165,0,4240.324859,65.84553711
1873,2.841633848,0.000296073,0.024856862,0.01081078,0,0,0,0,0,104.93223,0,4267.5705,59.62016165,429.280289,0.804805608,0.007723273,0,0,0,0,0,0,0,0,5.26E-06,0,0,0.000467168,0,0.634813128,0.246948569,4.505174401,18.9372989,0,4462.996011,67.99437045
1874,2.86805891,0.000300274,0.024856862,0.010810794,0,0,0,0,0,104.88493,0,4265.0843,60.88850035,435.80418,0.802985017,0.007723273,0,0,0,0,0,0,0,0,5.30E-06,0,0,0.000470762,0,0.642069877,0.260869431,4.567483544,19.30481072,0,4371.936224,69.34908007
1875,2.833489105,0.000304621,0.024856862,0.010810809,0,0,0,0,0,104.93101,0,4267.5065,61.4471703,426.8934955,0.823081852,0.007723273,0,0,0,0,0,0,0,0,5.33E-06,0,0,0.000475247,0,0.649927703,0.276083421,4.506803911,18.75387609,0,4541.871989,67.4820886
1876,2.843125267,0.000309115,0.024856862,0.010810824,0,0,0,0,0,104.90175,0,4265.968,62.60294811,429.4805477,0.833473602,0.007723273,0,0,0,0,0,0,0,0,5.37E-06,0,0,0.000479007,0,0.65764191,0.291443284,4.467191374,19.00214066,0,4629.479139,68.07266489
1877,2.881579173,0.000313755,0.024856862,0.010810839,0,0,0,0,0,104.92824,0,4267.3608,63.64524259,434.060346,0.844008031,0.007723273,0,0,0,0,0,0,0,0,5.41E-06,0,0,0.00048331,0,0.664291577,0.306115143,4.613380855,19.0890591,0,4751.475437,68.77838073
1878,2.905036494,0.000318542,0.024856862,0.010810853,0,0,0,0,0,104.92472,0,4267.1759,64.71120383,437.9599498,0.851846591,0.007723273,0,0,0,0,0,0,0,0,5.44E-06,0,0,0.00048732,0,0.671179079,0.318861076,4.707064839,19.22817131,0,4795.085031,69.46979574
1879,2.92925864,0.000323475,0.024856862,0.010810868,0,0,0,0,0,104.88028,0,4264.8396,65.90279841,440.8517591,0.871262815,0.007723273,0,0,0,0,0,0,0,0,5.47E-06,0,0,0.000490921,0,0.678204355,0.329465315,4.648557561,19.48731539,0,5042.823135,70.08572002
1880,2.921172062,0.000328554,0.024856862,0.010810144,0,0,0,0,0,104.88174,0,4264.9162,66.6649843,437.3657275,0.903649886,0.007723273,0,0,0,0,0,0,0,0,5.51E-06,0,0,0.000494977,0,0.684442704,0.336390855,4.585415277,19.32682128,0,5463.893835,69.18788119
1881,2.962877226,0.000333779,0.024856862,0.011551088,0,0,0,0,0,104.92914,0,4267.4079,67.70670095,440.9737248,0.947275407,0.007723273,0,0,0,0,0,0,0,0,5.55E-06,0,0,0.000499498,0,0.722188613,0.340320341,4.73705535,19.32716624,0,5642.346659,69.70896889
1882,2.944345851,0.000339151,0.024856862,0.011550379,0,0,0,0,0,104.92759,0,4267.3266,68.57787524,436.0786301,0.910775745,0.007723273,0,0,0,0,0,0,0,0,5.59E-06,0,0,0.000503527,0,0.673970234,0.344629855,4.609550381,19.15816229,0,5864.843623,68.75016749
1883,2.918084088,0.000344675,0.024856862,0.010810957,0,0,0,0,0,104.95902,0,4268.979,69.1859791,428.2212034,0.931784116,0.007723273,0,0,0,0,0,0,0,0,5.62E-06,0,0,0.000507896,0,0.681041369,0.34793831,4.541467054,18.70936137,0,6122.410375,67.06254476
1884,2.97815874,0.000350339,0.024856862,0.010810972,0,0,0,0,0,104.93535,0,4267.7345,70.48060515,436.5183492,0.936965715,0.007723273,0,0,0,0,0,0,0,0,5.66E-06,0,0,0.000511697,0,0.684268928,0.350847276,4.711907557,19.00988998,0,6228.758067,68.59402326
1885,2.987658653,0.000356149,0.024856862,0.011550438,0,0,0,0,0,104.93798,0,4267.8727,71.60546241,438.1415385,0.944734337,0.007723273,0,0,0,0,0,0,0,0,5.69E-06,0,0,0.00051577,0,0.690445425,0.353947505,4.696314614,19.20686906,0,6280.228218,68.94977818
1886,3.000148376,0.000362105,0.024856862,0.011550467,0,0,0,0,0,104.9357,0,4267.7531,72.58254388,437.7333269,0.949685603,0.007723273,0,0,0,0,0,0,0,0,5.73E-06,0,0,0.000519792,0,0.691515907,0.356318472,4.740104394,19.06781958,0,6338.181455,68.86926284
1887,3.044590075,0.000368211,0.024856862,0.011550497,0,0,0,0,0,104.94903,0,4268.4538,73.77743063,443.1077381,0.962275724,0.007723273,0,0,0,0,0,0,0,0,5.77E-06,0,0,0.000523979,0,0.691466488,0.35911043,4.828176025,19.32845364,0,6590.330521,69.79403942
1888,3.123484052,0.000374464,0.024856862,0.011550526,0,0,0,0,0,104.91459,0,4266.6433,75.11035553,452.502308,0.989964011,0.007723273,0,0,0,0,0,0,0,0,5.80E-06,0,0,0.000527656,0,0.691121018,0.362114234,4.956643952,19.78574643,0,7165.481197,71.42723744
1889,3.104668338,0.000380862,0.024856862,0.011550556,0,0,0,0,0,104.95877,0,4268.9657,75.92960019,448.6908696,0.989845328,0.007723273,0,0,0,0,0,0,0,0,5.84E-06,0,0,0.000532178,0,0.690630739,0.365384192,4.941244124,19.55277705,0,7161.81721,70.65718772
1890,3.159194949,0.000387411,0.024856862,0.011550586,0,0,0,0,0,104.9317,0,4267.5425,77.07862319,453.8990323,1.012435452,0.007723273,0,0,0,0,0,0,0,0,5.87E-06,0,0,0.00053593,0,0.687346461,0.377832986,5.025653571,19.77806486,0,7710.3714,71.47659717
1891,3.125180696,0.0003941,0.024856862,0.011550615,0,0,0,0,0,104.97344,0,4269.7366,77.68229292,444.3827318,1.024244702,0.007723273,0,0,0,0,0,0,0,0,5.91E-06,0,0,0.000540434,0,0.683996957,0.383500246,4.958116918,19.19967303,0,8007.145143,69.53172191
1892,3.110528365,0.000400935,0.024856862,0.011550645,0,0,0,0,0,104.99082,0,4270.6504,78.54558089,439.808659,1.041246497,0.007723273,0,0,0,0,0,0,0,0,5.95E-06,0,0,0.000544676,0,0.698508078,0.389138509,4.908336411,18.94952176,0,8147.060403,68.66391959
1893,3.125430895,0.000407922,0.024856862,0.012290126,0,0,0,0,0,104.97994,0,4270.0783,79.81501329,443.3506558,1.0369552,0.007723273,0,0,0,0,0,0,0,0,5.99E-06,0,0,0.000548604,0,0.699289409,0.39486722,4.928779539,19.1784562,0,8101.668304,69.48705802
1894,3.205110618,0.000415054,0.024856862,0.01229017,0,0,0,0,0,104.93101,0,4267.5063,81.38345626,456.6960325,1.066059949,0.007723273,0,0,0,0,0,0,0,0,6.02E-06,0,0,0.000552103,0,0.715148071,0.401004663,5.110355123,19.83612848,0,8391.732629,71.90804381
1895,3.216163845,0.000422331,0.024856862,0.011550763,0,0,0,0,0,104.96751,0,4269.4251,82.23116014,453.551885,1.091995468,0.007723273,0,0,0,0,0,0,0,0,6.06E-06,0,0,0.000556562,0,0.720508524,0.406446193,5.14194654,19.52250048,0,8825.994001,71.15178658
1896,3.170768747,0.00042976,0.024856862,0.012290244,0,0,0,0,0,104.96751,0,4269.4252,83.00005426,444.0944278,1.106445186,0.007723273,0,0,0,0,0,0,0,0,6.09E-06,0,0,0.00056061,0,0.723002705,0.412053838,4.948383778,19.17728772,0,9068.357738,69.42267706
1897,3.268702112,0.000437329,0.024856862,0.012290288,0,0,0,0,0,104.99693,0,4270.9718,84.39253635,456.4122055,1.127176452,0.007723273,0,0,0,0,0,0,0,0,6.13E-06,0,0,0.000564997,0,0.725438711,0.417321003,5.254407813,19.58218288,0,9498.146472,71.5467325
1898,3.296870259,0.000445049,0.02485618,0.012290333,0,0,0,0,0,105.01512,0,4271.9281,85.36127162,456.6037674,1.150983373,0.007723236,0,0,0,0,0,0,0,0,6.17E-06,0,0,0.000569259,0,0.727935497,0.422155126,5.328904804,19.50168111,0,9986.704108,71.45665952
1899,3.355831345,0.000485673,0.024857703,0.012290377,0,0,0,0,0,104.97653,0,4269.8993,86.70543387,462.1035994,1.191151603,0.007723233,0,0,0,0,0,0,0,0,6.20E-06,0,0,0.00057286,0,0.728114976,0.426894179,5.32571652,19.86870993,0,10812.78681,72.46072256
1900,3.361821037,0.002392668,0.024856437,0.028558348,0,0,0,0,0,104.98481,0,4270.3344,87.61328845,459.5444669,1.217990214,0.007723268,0,0,0,0,0,0,0,0,6.24E-06,0,0,0.000577006,0,0.730129958,0.43158735,5.319642361,19.75078793,0,11322.20764,71.90656631
1901,3.382952935,0.004820097,0.024857442,0.047784449,0,0,0,0,0,105.04131,0,4273.3046,88.39116711,457.6168305,1.300603967,0.007723268,0,0,0,0,0,0,0,0,6.28E-06,0,0,0.000581726,0,0.796423741,0.435705527,5.437734461,19.48762217,0,11747.73863,71.63263161
1902,3.38154147,0.005778122,0.024856062,0.050743008,0,0,0,0,0,105.04898,0,4273.708,89.26282464,455.0261768,1.318824647,0.007723268,0,0,0,0,0,0,0,0,6.32E-06,0,0,0.000585872,0,0.799794023,0.4406103,5.414261387,19.3580615,0,12072.27204,71.24149846
1903,3.389386332,0.006957613,0.024857979,0.05591998,0,0,0,0,0,105.09555,0,4276.1561,89.89074057,449.9625304,1.395180395,0.007723268,0,0,0,0,0,0,0,0,6.36E-06,0,0,0.000590488,0,0.829068794,0.445332971,5.425148493,19.03059788,0,13013.67639,70.25376393
1904,3.4640583,0.009436339,0.024855289,0.068491568,0,0,0,0,0,105.07939,0,4275.3063,91.35674943,462.621765,1.430385503,0.007723268,0,0,0,0,0,0,0,0,6.39E-06,0,0,0.000594351,0,0.855581658,0.45050197,5.644787476,19.65611973,0,13243.41731,72.88437625
1905,3.525334738,0.013412831,0.024859105,0.087718467,0,0,0,0,0,105.08907,0,4275.8152,92.40132432,467.4401288,1.494481124,0.007723268,0,0,0,0,0,0,0,0,6.43E-06,0,0,0.000598527,0,0.882555657,0.455901041,5.823187912,19.75296716,0,14068.02703,73.70973522
1906,3.54932448,0.018196454,0.024853655,0.11138246,0,0,0,0,0,105.10645,0,4276.7286,93.24998316,466.4356479,1.557278662,0.007723268,0,0,0,0,0,0,0,0,6.47E-06,0,0,0.000602799,0,0.91339245,0.461434852,5.861805338,19.60693136,0,14731.94368,73.46173851
1907,3.674457368,0.016966195,0.025812945,0.10398923,0,0,0,0,0,105.14627,0,4278.822,94.56080194,480.3174564,1.64891389,0.007723268,0,0,0,0,0,0,0,0,6.51E-06,0,0,0.000607352,0,0.922438101,0.466781238,6.194111966,20.14449075,0,16226.97897,76.00444514
1908,3.67587664,0.021404879,0.029231937,0.12765503,0,0,0,0,0,105.12414,0,4277.6586,95.71237193,482.582634,1.634620602,0.007723268,0,0,0,0,0,0,0,0,6.54E-06,0,0,0.00061114,0,0.931813857,0.471991832,6.245853841,20.34218955,0,15554.28053,76.856238
1909,3.690048662,0.036714367,0.765086,0.21121463,0,0,0,0,0,105.16533,0,4279.824,96.4666946,480.6894688,1.667806525,0.007723268,0,0,0,0,0,0,0,0,6.58E-06,0,0,0.000615718,0,0.938895089,0.477076136,6.315327449,20.10967131,0,16332.74949,76.4408771
1910,3.767608107,0.042342327,1.0366888,0.24301505,0,0,0,0,0,105.14442,0,4278.7248,97.77187103,491.4713622,1.710282183,0.007723268,0,0,0,0,0,0,0,0,6.62E-06,0,0,0.000619519,0,0.945019478,0.482436575,6.50716504,20.6023284,0,17083.0571,78.48124343
1911,3.725917532,0.047217079,0.55672031,0.27037941,0,0,0,0,0,105.20214,0,4281.7592,98.42938116,482.3736484,1.667408009,0.007723268,0,0,0,0,0,0,0,0,6.66E-06,0,0,0.000624317,0,0.886866302,0.488088857,6.486481074,20.00760743,0,17203.88905,76.73370569
1912,3.709100468,0.055977137,1.3372385,0.31844894,0,0,0,0,0,105.23472,0,4283.4718,99.26614632,477.9889215,1.669794295,0.007723268,0,0,0,0,0,0,0,0,6.70E-06,0,0,0.000628802,0,0.850324639,0.496213066,6.501125755,19.68089243,0,17947.15952,75.83160819
1913,3.787939036,0.05934571,2.7874772,0.33694139,0,0,0,0,0,105.25437,0,4284.5046,100.6125584,488.2676035,1.708847021,0.007723268,0,0,0,0,0,0,0,0,6.74E-06,0,0,0.000633127,0,0.819851713,0.505723005,6.746157486,20.00732869,0,19028.18372,77.5799616
1914,3.764418792,0.064801984,4.5655912,0.36726542,0,0,0,0,0,105.19867,0,4281.5767,102.2840587,494.4978826,1.619714451,0.007723268,0,0,0,0,0,0,0,0,6.77E-06,0,0,0.000636477,0,0.808714486,0.516067774,6.793505976,20.59248109,0,17553.31915,79.77807343
1915,3.722337783,0.084000629,6.2098372,0.47153519,0,0,0,0,0,105.2716,0,4285.4105,103.0579197,484.2476849,1.59942449,0.007723268,0,0,0,0,0,0,0,0,6.81E-06,0,0,0.000641497,0,0.796919087,0.527312874,6.776358396,20.06142458,0,17532.05095,78.35040062
1916,3.744207069,0.10465075,5.9968917,0.58467971,0,0,0,0,0,105.29863,0,4286.831,104.0889435,482.954266,1.66403274,0.007723268,0,0,0,0,0,0,0,0,6.85E-06,0,0,0.000645927,0,0.799225956,0.538898841,6.900652223,19.90829861,0,19020.9318,78.27985155
1917,3.826396856,0.11034348,5.1585271,0.61870744,0,0,0,0,0,105.37275,0,4290.7275,105.4397415,492.9600448,1.698338097,0.007723268,0,0,0,0,0,0,0,0,6.89E-06,0,0,0.000650984,0,0.802259467,0.550131023,7.320888499,20.17756104,0,19860.47999,80.45481807
1918,3.83059738,0.10461425,4.2721672,0.58914082,0,0,0,0,0,105.37311,0,4290.7462,106.7459316,496.2420731,1.692405941,0.007723268,0,0,0,0,0,0,0,0,6.93E-06,0,0,0.000655072,0,0.80554775,0.560616632,7.440553908,20.36895158,0,19697.10869,81.61294814
1919,3.722641135,0.10155164,3.196035,0.57214502,0,0,0,0,0,105.33647,0,4288.8202,108.095107,490.9794171,1.591055493,0.007723268,0,0,0,0,0,0,0,0,6.96E-06,0,0,0.000658664,0,0.810667945,0.570120072,7.240623314,20.36863821,0,16955.07323,81.67724386
1920,3.813010121,0.071874804,4.0059497,0.41169313,0,0,0,0,0,105.40157,0,4292.2427,109.1336385,498.8745999,1.715539071,0.007723268,0,0,0,0,0,0,0,0,7.01E-06,0,0,0.000663622,0,0.813025824,0.578820266,7.650263485,20.4023951,0,18758.76053,82.96992111
1921,3.661222702,0.05599481,6.3575755,0.32444592,0,0,0,0,0,105.42979,0,4293.7261,109.809348,486.6136242,1.65413292,0.007723268,0,0,0,0,0,0,0,0,7.05E-06,0,0,0.000668091,0,0.860777769,0.586712272,7.470615131,19.84610877,0,16012.20077,81.18725519
1922,3.658333723,0.10093674,7.5196689,0.56921203,0,0,0,0,0,105.47367,0,4296.0327,110.4858104,484.8273418,1.696238078,0.007723268,0,0,0,0,0,0,0,0,7.09E-06,0,0,0.000672778,0,0.852852441,0.594393161,7.580463043,19.4742784,0,16911.28492,80.53069431
1923,3.88124621,0.13753371,8.1995609,0.77479139,0,0,0,0,0,105.54539,0,4299.8026,112.2535641,514.2343951,1.819940667,0.007723268,0,0,0,0,0,0,0,0,7.13E-06,0,0,0.000677856,0,0.860962733,0.602564012,8.376760205,20.41782521,0,19677.58149,86.27583424
1924,3.774809016,0.14595489,10.064032,0.82730698,0,0,0,0,0,105.55899,0,4300.5175,112.633506,499.0974144,1.836909746,0.007723268,0,0,0,0,0,0,0,0,7.17E-06,0,0,0.000682142,0,0.867137912,0.611113094,8.143096963,19.77882376,0,19476.27505,83.21123114
1925,3.790606982,0.15281139,9.887985,0.86947278,0,0,0,0,0,105.60265,0,4302.8128,113.6704269,502.6957688,1.85342326,0.007723268,0,0,0,0,0,0,0,0,7.21E-06,0,0,0.000686848,0,0.870319825,0.618899169,8.344803142,19.75345484,0,19692.76374,84.06174423
1926,3.724383638,0.16877181,10.020584,0.96266008,0,0,0,0,0,105.65209,0,4305.4116,114.5456303,499.0418204,1.845363676,0.007723268,0,0,0,0,0,0,0,0,7.25E-06,0,0,0.000691644,0,0.874758125,0.626309715,8.422052256,19.57302011,0,19762.6235,84.16877083
1927,3.850357382,0.19366311,13.691728,1.1076116,0,0,0,0,0,105.65063,0,4305.3352,115.74748,515.0910884,1.985594424,0.007723268,0,0,0,0,0,0,0,0,7.29E-06,0.004945027,0,0.00069573,0,0.914261271,0.633386345,8.884704406,19.87550986,0,21090.38256,86.52753525
1928,3.828134932,0.2132805,16.914307,1.2252077,0,0.020814729,0,0,0,105.59392,0,4302.3537,116.7958666,515.8400889,1.993228463,0.007723269,0,0,0,0,0,0,0,0,7.32E-06,0.030139896,0,0.000699033,0,0.917705848,0.639896283,8.957090425,19.91593076,0,21015.82238,87.11586337
1929,3.890215994,0.20802541,19.38339,1.2037865,0,0.33502494,0,0,0,105.60372,0,4297.9849,118.0199977,527.0535755,2.101214691,0.007723266,0,0,0,0,0,0,0,0,7.35E-06,0.003329301,0,0.00070195,0,0.944963902,0.645417564,9.297287757,20.27497394,0,22349.86971,89.37670247
1930,3.907622806,0.17035764,20.571834,0.99750344,0,1.1701026,0,0,0,105.91829,0,4287.8382,119.6701788,535.0349028,2.094418306,0.007723273,0,0,0,0,0,0,0,0,7.36E-06,-0.026051043,0,0.000703275,0,1.02218152,0.650188979,9.242189553,20.95238859,0,20743.75204,91.59573863
1931,3.699193086,0.11326202,21.232329,0.6766021,0,1.6600329,0,0,0,106.6887,0,4282.6938,119.9075078,504.8981345,2.000589814,0.007723259,0,0,0,0,0,0,0,0,7.38E-06,-0.003829208,0,0.000705941,0,1.032504672,0.653662918,8.57795689,19.78298346,0,18305.26981,86.48531867
1932,3.701120519,0.085847633,23.837144,0.51911084,0,1.6167368,0,0,0,107.41813,0,4276.7559,121.4219873,510.1823315,1.814160213,0.007723289,0,0,0,0,0.005764349,0,0,0,7.40E-06,0.000743107,0,0.00070837,0,0.934418875,0.657057017,8.511234275,20.16181555,0,16113.36308,87.90725373
1933,3.673991696,0.1016274,28.120028,0.61081444,0,1.6336582,0,0,0,108.09758,0,4271.2585,122.3437659,508.1160121,1.85413049,0.007723222,0,0,0,0,0.14482802,0,0,0,7.43E-06,0.000807641,0,0.000710903,0,0.931237085,0.659892751,8.469264611,20.01961331,0,16955.32657,87.73926442
1934,3.817622407,0.15202423,34.519287,0.91252255,0,1.6505883,0,0,0,108.91202,0,4272.3774,123.9532999,528.033166,1.919554627,0.007723374,0,0,0,0,0.60639434,0,0,0,7.47E-06,0.00087789,0,0.000715267,0,0.919472626,0.663035366,8.993311601,20.70261784,0,18636.2613,91.49703968
1935,3.826763235,0.22028466,40.132859,1.3303298,0,1.6675173,0,0,0,109.70014,0,4272.1486,124.8946044,529.4409406,1.968088674,0.007723023,0,0,0,0,0.97427321,0,0,0,7.50E-06,0.000954224,0,0.000719256,0,0.918128,0.66623006,9.177019866,20.54319704,0,20031.02492,91.90214074
1936,3.972008023,0.28820401,42.33712,1.7570203,0,1.6844464,0,0,0,110.56758,0,4275.9063,126.4647048,550.0398549,2.076178107,0.007723846,0,0,0,0,1.0455299,0,0,0,7.55E-06,0.001037276,0,0.000724371,0,0.926507996,0.669348908,9.786024287,21.16418654,0,21547.1023,95.83484543
1937,3.977215074,0.34372195,44.188471,2.1186454,0,1.7013755,0.006390022,0,0,111.3625,0,4275.9946,127.1823371,550.6109419,2.134326359,0.00772185,0,0,0,0,1.1131878,0,0,0,7.58E-06,0.001127477,0,0.000728455,0,0.903968756,0.673266612,10.00928364,20.85060471,0,23177.42386,95.84567433
1938,3.879546431,0.39883954,49.06474,2.4891541,0,1.7183047,0.1328808,0,0,112.0603,0,4271.2734,127.905393,535.4268485,2.067490773,0.007728553,0,0,0,0,1.185033,0,0,0,7.61E-06,0.001225424,0,0.000731163,0,0.906772108,0.6775673,9.547247418,20.283818,0,21492.63395,93.23706062
1939,4.010820601,0.43390074,56.683054,2.745053,0,1.7352338,0.68779311,0,0,112.8293,0,4270.1197,129.5013568,554.5379171,2.137198754,0.11813875,0,0,0,0,1.2571398,0,0,0,7.64E-06,0.001332062,0,0.000734883,0,0.905331467,0.683418581,10.06923449,21.02085333,0,22956.49811,97.34535423
1940,4.026253626,0.50172554,67.980741,3.2190952,0,1.7521629,1.4928916,0,0,113.75015,0,4276.3916,130.1349943,550.4654056,2.224610165,0.21814961,0,0,0,0,1.3304594,0,0,0,7.69E-06,0.001448183,0,0.000740747,0,0.892922587,0.689798636,10.41249097,20.56627575,0,25100.28206,96.49612887
1941,4.050294267,0.64957282,81.740279,4.2240743,0,1.769092,2.2339929,0,0,114.54353,0,4282.9257,132.2180939,552.9500651,2.232061336,0.1951164,0,0,0,0,1.4028748,0,0,0,7.73E-06,0.00157415,0,0.000744809,0,0.875550887,0.71353576,10.65535597,20.46203137,0,26052.92628,97.09407345
1942,4.114193284,0.84353078,95.021136,5.585489,0,1.7860212,2.976471,0,0.19841173,115.26991,0,4303.7401,134.7060241,560.1841861,2.254997486,0.16898031,0,0,0,0,1.4745564,0,0,0,7.76E-06,0.001710955,0,0.000747927,0,0.896771148,0.764913744,10.81400134,21.01419377,0,26639.6451,98.65719695
1943,4.114085782,0.80476688,89.521615,5.4576739,0.056451758,1.8029502,3.7199961,0,4.3053247,116.04761,0,4331.4951,136.6296869,561.0185503,2.293680874,0.14684461,0,0,0,0,1.5467027,0,0,0,7.79E-06,0.001859737,0,0.00075177,0,0.891584611,0.838901508,11.12610222,20.76469901,0,27046.99676,99.48634644
1944,4.111269896,0.41764093,72.694302,2.9606569,0.97266311,1.8198794,4.4638059,0,16.545617,116.85265,0,4354.745,138.9310562,569.4275578,2.28484763,0.11439264,0,0,0,0,1.6191675,0,0,0,7.83E-06,0.002021507,0,0.000755997,0,0.89777497,0.926877417,11.46904746,20.91812228,0,26516.04333,102.0083052
1945,3.970406317,0.20111842,68.369262,1.5076942,3.4593405,1.8368084,5.2077233,0,24.846154,117.6118,0,4376.5008,141.022964,562.3881403,2.078479256,0.080798572,0,0,0,0,1.69101,0,0,0,7.86E-06,0.002197258,0,0.00075958,0,0.898277885,1.023424295,11.30066048,20.63041519,0,23360.20656,102.3868629
1946,3.971696435,0.27970458,74.717234,2.0726649,4.9404679,1.8537378,5.9856104,0,24.839378,118.39896,0,4399.6117,142.7064022,555.289963,2.275779126,0.064300427,0,0,0,0,1.7631908,0,0,0,7.89E-06,0.002388349,0,0.000763556,0,0.982351778,1.121124158,11.29948975,20.3059335,0,23083.22371,102.6581835
1947,4.004289599,0.34838359,84.081746,2.6369074,4.8390374,1.8706665,6.4443541,0,24.982371,119.2973,0,4428.0553,144.7944965,563.4037754,2.462038398,0.046731228,0,0,0,0,1.8372679,0,0,0,7.94E-06,0.002596315,0,0.000769089,0,1.013021452,1.214334352,12.01001331,20.19099947,0.003372839,25917.87304,104.1573676
1948,4.123520873,0.33316898,90.670686,2.6243892,4.8563661,1.8875961,6.6649072,0,24.987103,120.08364,0,4451.0369,147.2720295,586.53608,2.561983359,0.020169381,0,0,0,0,1.966277,0,0,0,7.98E-06,0.003327672,0,0.000773052,0,1.021170216,1.294830018,12.74807653,20.65035706,0.023611977,27098.84349,108.0964174
1949,4.095746551,0.31424196,91.962416,2.5926444,5.561141,1.8955033,7.1640705,0,27.295461,120.70601,0,4466.7618,150.2157149,588.4410387,2.545720679,-0.001578436,0,0,0,0,1.6426278,0,0,0,7.99E-06,0.02463759,0,0.000774727,0,1.031604036,1.357014924,12.40125677,21.08117938,0.063741035,26137.62954,109.1544258
1950,4.331260791,0.32876887,78.580053,2.8441101,8.1460574,1.9897329,7.4706053,0,32.673745,121.62274,0,4499.2896,152.2010084,619.9439709,2.739455278,0.000243276,0,0,0,0,1.0661465,0,0,0,8.05E-06,0.10531435,0,0.000780621,0,1.044801321,1.393420049,13.72685921,22.10581056,0.16053368,29080.43211,113.8598472
1951,4.212336067,0.33222262,70.47669,3.0430784,12.050138,2.1685287,7.5542237,0,36.815853,122.51807,0.014330518,4529.1876,155.2719352,593.1994506,3.07927936,0.001166432,0,0,0,0,1.0527789,0,0,0,8.09E-06,0.2343219,0,0.000785102,0,1.263023167,1.415404598,13.74781938,20.39818818,0.23983988,30307.94507,109.0909544
1952,4.278249967,0.32854487,76.508762,3.2228257,16.078842,2.4120426,7.6734014,0,40.441283,123.26435,0.21725302,4558.7052,160.5733576,606.95634,3.141481093,-0.002030065,0,0,0,0,1.4414744,0,0,0,8.10E-06,0.3628351,0,0.000786744,0,1.290726577,1.436743012,14.09738551,20.95793435,0.24565292,30700.9689,112.6182109
1953,4.400134891,0.31999622,81.681224,3.3863087,20.201055,2.8478934,7.7034458,0,45.581432,124.06078,1.3575508,4600.7084,165.6818323,623.9750548,3.192615296,-0.000228192,0,0,0,0,2.100408,0,0,0,8.12E-06,0.48047903,0,0.00078951,0,1.287882222,1.459245142,14.68693302,21.60093971,0.24572915,31319.08468,116.7765378
1954,4.475107773,0.29457384,86.86347,3.4048632,25.212381,3.2763156,7.760213,0,51.892411,124.75392,3.6198833,4629.2231,170.3710079,628.9096635,3.296011946,-0.004070821,0,0,0,0,2.8888848,0,0,0,8.14E-06,0.59576061,0,0.00079082,0,1.341870174,1.482661283,15.00261755,21.65473895,0.24580572,31527.79348,118.7896929
1955,4.585745112,0.26311875,91.980019,3.3346824,30.727319,3.6788015,7.6370702,0,59.871881,125.74327,6.4848679,4666.3367,174.7404471,641.3267253,3.524471942,0.001049355,0,0,0,0,3.5564777,0,0,0,8.18E-06,0.70910415,0,0.000796232,0,1.38698028,1.5080109,16.05549042,21.61194057,0.24588273,34474.6532,122.5425815
1956,4.844401489,0.22075982,97.008491,3.0796375,33.546756,4.2759912,7.5430316,0,66.950489,126.58168,9.1561662,4699.2729,180.6711175,673.806229,3.735059952,0.006640162,0,0,0,0,4.5322658,0,0,0,8.21E-06,0.82044371,0,0.000799557,0,1.445407837,1.533855532,17.15079026,22.72448276,0.24595899,37032.03145,129.82302
1957,5.084522572,0.18587639,102.11597,2.8571248,32.871446,4.9612019,7.3765313,0,72.204141,127.41838,11.488509,4733.2024,186.0555677,695.9496131,3.85992876,0.004342369,0,0,0,0,5.9875108,0,0,0,8.25E-06,0.92977447,0,0.000802995,0,1.476599873,1.561392096,17.98133127,23.82634945,0.24603635,38782.91361,135.5915206
1958,5.060488043,0.17928487,107.206,2.9954591,34.746284,5.6330503,6.9087313,0,80.925329,128.42262,14.781202,4771.3965,188.3855399,661.2854858,3.9932732,0.002605294,1.53E-05,0.000155074,0,0,7.120204,0,0,0,8.29E-06,1.0371306,0,0.000807611,0,1.527671696,1.592103467,17.81493852,22.2466504,0.2461131,39250.05647,129.2085836
1959,5.186762349,0.18081021,112.29185,3.2476716,43.506257,6.3880226,6.8760458,0,93.983467,129.47587,18.063698,4808.726,192.6867573,665.4367222,4.074872144,0.000868461,0.000122253,0.001246036,0,0,8.0253807,0,0,0,8.33E-06,1.1424694,0,0.000812124,0,1.4727759,1.625170816,18.30848296,22.13695045,0.30755864,41222.91762,131.2104974
1960,5.288213084,0.17259465,117.2597,3.3209398,56.281481,7.3201718,7.2392631,0,107.5417,130.53321,21.750437,4847.0424,197.2611005,668.565663,4.187429122,-0.000868492,0.000230724,0.002375087,0,0,9.5885732,0,0,0,8.37E-06,1.2458107,0,0.000817244,0,1.4606345,1.66197398,18.95940464,22.06866314,0.4304021,42870.32013,133.3368149
1961,5.280187775,0.16861102,121.58986,3.4304351,70.618557,8.4287849,7.4514735,0.001861801,123.80387,131.26152,27.278298,4864.0212,205.1383413,701.0053453,4.280666299,-0.002605324,0.000249136,0.003546415,0,0,11.884386,0,0,0,8.37E-06,1.346892,0,0.00081675,0,1.530231,1.772698231,19.58763291,23.37357314,0.55328481,48257.7142,143.5652635
1962,5.268371109,0.17112099,125.71015,3.6249821,86.214551,9.6127678,7.5805279,0.045181371,144.89716,132.4011,32.049021,4895.6486,207.2122992,678.8492234,4.386459406,-0.004342521,0.000252502,0.004920676,0,0,14.500089,0,0,0,8.41E-06,1.4460951,0,0.000821013,0,1.5198038,1.8394024,20.20846281,22.55009464,0.61483924,49258.08611,140.105892
1963,5.437875743,0.18314033,128.88013,3.9881367,101.83231,10.949721,7.9110854,0.24720738,167.67883,132.99126,37.52532,4904.2354,216.1922656,741.3196016,4.56063208,-0.007869931,0.000352095,0.005972759,0,0,17.280228,0,0,0,8.39E-06,1.5429261,0,0.000819434,0,1.5262845,1.901899273,21.45017823,24.60921093,0.55366285,50799.56078,156.130954
1964,5.259909465,0.20130699,129.76929,4.4326257,116.30072,12.657214,8.4778946,0.46848862,189.8766,134.07707,49.914046,4933.087,216.556163,689.11146,4.708985532,-0.000759709,0.001030371,0.033580017,0,0,20.771971,0,0,0,8.44E-06,1.6379776,0,0.000824343,0,1.5173337,1.97288868,22.21300715,22.37762398,0.49245891,52708.17999,146.4547756
1965,5.270010253,0.2250418,129.69213,4.9089192,130.83984,14.528257,9.0358315,0.58010695,213.3919,135.19804,70.507935,4953.0596,222.6664157,709.3122963,4.888494918,0.015948649,0.002140689,0.11324642,0,0,25.0603,0,0,0,8.46E-06,1.7308461,0,0.000827472,0,1.5484721,2.057609663,23.08308733,22.64997293,0.4926084,53937.46477,153.4053912
1966,5.285174796,0.26721734,129.70542,5.6248074,147.99606,16.547774,9.5008952,0.77191369,240.15802,136.46754,94.258765,4976.4474,226.3106958,710.9414665,5.050425663,0.069786165,0.003103097,0.20275693,0,0,30.477075,0,0,0,8.51E-06,1.8217969,0,0.000832289,0,1.5508256,2.15561128,23.88250294,22.43429714,0.61550021,55140.16269,156.4949809
1967,5.390458849,0.32052973,129.68847,6.3547572,169.42177,18.918172,9.9208119,1.0373,269.58286,137.66763,116.32544,4995.4184,232.3331465,746.2098209,5.218669289,0.24404072,0.003754249,0.26151045,0,0,36.036945,1.25E-05,0,6.90E-05,8.54E-06,1.9105949,0,0.000836575,0,1.594899,2.240901918,25.29201621,23.58529354,0.7384486,54634.92643,164.7753162
1968,5.370373092,0.40423022,129.73308,7.3324415,195.13757,21.713594,10.295172,1.3673824,299.71437,139.24379,133.08156,5029.5667,235.3354027,740.4824182,5.378329504,0.44305972,0.005543179,0.29037411,0,0.009237978,40.359034,8.80E-05,0,0.000485591,8.63E-06,1.9976935,0,0.000845829,0,1.5460563,2.309163343,26.56159602,22.82579691,0.67731523,56735.48809,165.0957088
1969,5.404091613,0.5206411,129.76058,8.4831718,220.72612,24.938178,10.638634,1.7120901,327.55328,140.05867,146.61896,5026.2804,239.1848516,747.0297315,5.60188232,0.55613635,0.03648951,0.30862539,0,0.18322115,44.144508,9.37E-05,0,0.000503887,0.009824818,2.0817369,0,0.000845053,0,1.5427741,2.366321496,27.2454819,22.10048951,0.67751619,58331.18244,169.6815713
1970,5.549708797,0.6581692,129.69302,9.5318801,245.38621,28.576904,11.00827,1.8909658,354.60102,141.52757,173.56366,5048.3132,244.4183955,781.0375523,5.851897314,0.64373178,0.11813403,0.34789664,0,0.60795801,49.037394,2.47E-05,0,0.000108512,0.036330653,2.1644992,0,0.000852025,0,1.5310014,2.357108934,29.08415776,22.78022432,0.80047128,61385.99618,179.6859547
1971,5.703748992,0.82992065,129.60227,10.711494,276.44309,32.729139,11.452529,2.1402118,387.53989,143.1196,217.72405,5067.5026,249.2895331,796.2029425,5.912216764,0.78786166,0.2232129,0.40686343,0,0.8564576,55.790888,1.33E-05,0,4.26E-05,0.064586906,2.2451174,0,0.000858672,0,1.4047031,2.331774655,29.91325853,23.19511601,0.86210262,61572.575,183.5355579
1972,5.971153375,1.0559029,129.65777,12.24311,314.22879,37.465523,11.97792,2.5517628,427.68026,144.52172,267.60333,5079.1924,257.2102054,868.4735708,6.029777866,1.0951867,0.31882408,0.4721474,0,0.87667663,61.456633,1.35E-05,0,4.30E-05,0.082580189,2.3233295,0,0.000863632,0,1.3261336,2.465385473,31.60553405,25.52743454,0.86237286,63316.79814,196.6655247
1973,5.895831576,1.330787,129.79157,14.085332,338.0693,42.979262,12.585161,2.92937,454.71123,146.54158,301.85553,5118.3195,260.294725,826.0293132,6.29022605,1.5930673,0.39726303,0.54390644,0,0.82240702,65.420113,1.38E-05,0,5.50E-05,0.090214925,2.4006492,0,0.000876877,0,1.3175873,2.525427833,32.65487208,23.45564811,0.92401065,66162.73978,186.5259319
1974,5.971643938,1.4191691,129.76026,14.311146,340.6055,49.247959,13.447442,3.5184015,453.22872,147.80664,327.35544,5113.8208,261.8082771,824.6214022,6.234920317,2.1806547,0.67241083,0.65809554,0,0.76119143,71.666995,1.40E-05,0,0.052416219,0.087063163,2.474116,0,0.000877896,0,1.2897675,2.517224279,32.48481344,23.59962462,1.0394718,65218.86538,183.6005251
1975,5.998431374,1.4004084,129.65616,14.321042,337.71465,57.565811,14.538442,4.2176868,440.16522,148.91662,384.99818,5104.4298,263.0585486,816.9194859,6.228053643,2.8018363,1.2682709,0.8287437,0,0.80304672,79.153904,1.42E-05,0,0.19213674,0.072875586,2.545125,0,0.000877751,0,1.3024158,2.603421604,32.15969429,23.12965379,1.1646458,64032.78568,177.5130673
1976,6.237496532,1.5554771,129.63321,16.011714,329.27602,57.24638,15.386466,4.743647,426.10768,150.23158,475.43135,5104.2152,269.9482097,856.0634915,6.510921264,3.4107057,1.8435573,0.98712807,0,0.82394648,92.664426,1.44E-05,0,0.33759564,0.047412585,2.614347,0,0.000880493,0,1.3194059,2.676196494,33.7488019,24.40571792,1.4235416,66996.48379,186.2474273
1977,6.353178768,1.692355,129.63647,16.762577,306.11158,55.875241,15.71703,5.1782548,404.2283,152.04264,533.0325,5117.6518,274.0301524,868.4313097,6.712459378,3.8826089,2.1420878,1.0852977,0,0.93269902,109.06413,2.14E-06,0,0.42456315,0.022180513,3.5323931,0,0.00088741,0,1.3512792,2.749747973,34.55645159,24.38724427,2.1583469,67618.80819,189.2255323
1978,6.579044818,1.7691766,130.48849,16.898235,278.45958,72.245349,15.529417,5.5214166,383.9896,153.91731,529.79652,5132.0601,276.3333545,897.4051484,6.876937908,4.2701212,2.1599238,1.1209157,0,1.277913,112.78031,-6.25E-05,0,0.45249588,-0.059867027,4.661461,0,0.000894806,0,1.2985151,2.812576891,35.82114768,25.01974419,2.8286901,67864.08473,192.9347955
1979,6.677231649,1.9203395,128.37989,17.898313,271.13342,94.634628,14.991238,6.1020639,394.80033,155.58904,518.50501,5138.651,281.6000656,900.4664227,6.978821161,4.6513697,2.0579417,1.1328091,0,1.7595655,113.22088,-2.04E-06,0,0.42017076,-0.17766763,5.0937882,0,0.000900083,0,1.2515593,2.903557874,36.59967115,25.21247986,2.8296177,68958.3435,196.0169029
1980,6.618387125,1.9633226,125.08456,17.664267,276.09356,120.23426,14.760861,7.2362595,398.43779,157.04196,513.02719,5131.8984,283.3464702,890.5114952,6.890908402,5.1129913,2.1545661,1.1562096,0,2.0330453,118.29604,7.94E-05,0,0.35605477,-0.12485274,5.1732709,0,0.000901555,8.17E-05,1.2433824,2.936496694,36.33878241,25.23254566,2.8304823,68623.11056,194.391242
1981,6.57778223,1.7391266,126.52811,16.187192,271.00597,128.45086,13.920115,8.6372447,403.07178,158.51506,516.86109,5123.4643,279.7894207,875.7816094,6.788036503,6.0090215,2.4863888,1.1742814,0,1.96562,122.37567,1.71E-05,0,0.32601335,0.11779446,4.4274361,0,0.000902595,0.000696751,1.2520549,2.902720693,35.660407,24.87329597,2.9541119,66532.98788,189.1686139
1982,6.915258578,1.6205522,129.38621,15.97381,277.72577,128.57689,13.885459,9.2748324,391.79861,159.18065,532.93449,5083.3728,287.6693154,967.4292983,6.731316327,6.4693449,3.0131287,1.352411,0,1.6573364,125.26367,-8.23E-05,0,0.33083911,0.22216908,3.5575865,0,0.000894263,0.001578501,1.2573836,3.021549029,35.70292372,28.27220571,2.9550432,65379.165,206.8844648
1983,6.625402214,1.8456854,130.75989,16.384525,353.29433,150.74703,15.564841,9.057039,385.70972,160.09109,547.19948,5047.3484,281.6176584,862.0214943,6.911898292,6.0034055,3.8198142,1.378774,0,1.3378778,129.4055,-2.71E-05,0,0.33559498,0.09748991,3.8040369,0,0.000887123,0.002017846,1.4321564,3.032934771,34.79251788,24.45951343,3.2014371,64401.56923,183.8358223
1984,6.815018955,1.954181,134.9934,14.927399,352.61795,167.86607,17.177696,10.537606,438.30954,162.15076,546.6524,5054.1956,285.0030452,889.7020107,7.075942469,6.3412338,4.7987259,1.1329507,0,1.2391705,137.14097,8.66E-05,0,0.48356263,0.027417786,4.8805395,0,0.000892824,0.004307161,1.46034,2.99820551,35.87934098,25.32627636,3.570683,65157.28211,189.3335257
1985,6.922761989,1.930951,138.44665,13.863624,321.80334,191.20489,18.042992,12.093107,487.46531,164.43684,559.24581,5072.7864,285.6752697,906.9368199,7.174291714,7.6862714,5.5359652,1.1864916,0,1.4290266,148.48134,0.000216066,0,0.56320674,0.085787554,5.2553933,0,0.000902132,0.012966035,1.4988356,2.998294649,36.44028788,25.83243998,3.6945657,65321.08643,190.4568857
1986,7.013703662,2.0447892,134.66824,14.595216,363.19165,226.48099,17.343175,11.156209,561.19711,166.53505,605.54478,5079.9439,290.8084488,914.5218093,7.310018629,8.6199267,5.6626388,1.453026,0,2.1480617,163.26271,0.00021613,0.000683625,0.57273931,0.044305139,5.6896951,0,0.000908057,0.028102657,1.529187,3.061614861,36.84274437,25.91211685,3.9411958,65326.25865,195.6652235
1987,7.200139154,2.1868179,140.05915,15.122737,377.17492,234.71551,15.986362,11.176584,543.59326,168.70781,636.85035,5087.8651,295.0485147,952.0611492,7.453228126,9.1692428,5.2412687,1.7364871,0.001157823,3.2631248,177.25124,5.82E-05,0.004878587,0.79616882,-0.099665792,6.5386064,0,0.00091427,0.044783508,1.5147715,3.175132884,38.08833881,27.25186717,4.3106697,66565.17926,203.5851701
1988,7.39663506,2.2384091,134.89421,15.295333,324.40759,225.34631,14.052169,12.063592,433.01446,171.54521,645.54402,5119.7697,298.6854951,950.4151874,7.643826002,10.094657,4.7030971,1.770198,0.34924766,5.2661192,185.3279,0.021115007,0.06849384,0.88192316,-0.073662439,6.6278139,0,0.00092785,0.060567348,1.5141773,3.094173088,39.50954374,27.18506613,4.6802608,67130.24562,203.5322276
1989,7.320233668,2.2075539,105.50252,15.212081,246.46809,212.83728,10.119863,11.292045,357.7641,174.22363,713.52261,5139.3872,302.1641744,930.8467755,7.738562068,10.904862,4.3864096,1.6702493,0.72136249,10.730464,189.56819,0.31476996,0.67304705,0.82629641,0.054397397,6.6572182,0,0.006065534,0.076147787,1.5312021,3.13228317,39.86542388,26.33140677,5.0499664,67155.635,200.3165052
1990,7.508271532,2.1076967,86.426532,14.407865,208.25652,176.8456,7.0905085,10.591201,333.97703,176.36773,658.40311,5137.248,305.2725547,940.5626313,7.627287039,10.051338,4.2741531,1.7373255,1.5203264,17.768055,192.30881,0.96053501,1.7208698,0.69729352,0.18589003,6.6838429,0,0.02696988,0.091767095,1.4442218,3.138594491,39.98977603,27.36536835,5.1743108,66937.28548,203.021231
1991,8.011536269,1.982897,85.142226,12.924815,159.81289,120.64491,6.9542228,10.775591,286.27307,177.30503,474.47964,5089.9323,318.7311921,1129.983883,7.822251581,9.6580528,4.1585749,1.6735462,6.9394223,22.06288,185.52075,1.727734,2.7251313,0.70613627,0.24819351,7.0572566,0,0.058141591,0.10715402,1.6358689,3.172491343,41.49005209,34.39493833,5.29866,66316.98163,244.4286341
1992,7.364888993,1.9500444,85.437279,11.907588,106.91739,74.361852,5.3089984,10.120439,227.43518,179.3441,361.04368,5056.1355,299.4017955,913.3754186,7.824229179,10.784362,3.8127392,1.4631107,22.26499,24.233416,194.061,2.4767485,4.0250116,1.0018637,0.18194194,7.9102615,0,0.088755914,0.12273589,1.6820379,3.179256806,40.47056683,26.64897689,5.4230636,64073.84633,198.238473
1993,7.531122847,1.9984803,84.458339,11.381334,84.3251,50.567396,3.463778,8.6771649,231.9618,179.76429,256.33383,5078.4684,299.4425141,941.8816353,7.735435168,11.612337,3.3180441,1.2514505,34.33223,22.551362,208.33854,3.0949997,11.967198,1.5166355,0.157163,8.3534838,0,0.1188094,0.13825367,1.5457908,3.155394456,41.54360754,28.11499626,5.424762,63047.87432,203.7757832
1994,7.895732734,2.1430557,86.05046,11.006658,85.893495,37.565451,4.6095776,8.163643,238.58315,178.03958,159.08791,5003.2837,310.2518368,1060.282744,7.739095145,11.303115,2.9604627,1.1962062,45.287421,24.423112,237.88968,3.5515518,24.558229,2.3253155,0.20390529,8.737968,0,0.14808425,0.15358509,1.5028061,3.220932331,42.09514606,33.14335063,5.5491826,61676.03827,231.0503543
1995,7.813189501,2.3880707,80.480245,10.682998,86.264975,23.473127,5.7076242,7.6747577,210.72453,180.13151,95.783763,5016.3948,305.4095889,955.0363062,7.858705189,11.011358,2.8923304,1.0842597,51.095458,27.59918,230.3453,3.8771223,36.211193,3.4395305,0.29614801,9.315257,0,0.17780027,0.16982122,1.4851806,3.25205708,42.28229195,29.71540754,5.6736625,60493.81321,206.4742485
1996,7.686339551,2.6638414,75.256035,10.505743,85.278741,13.005309,4.6522227,5.5242189,170.78176,183.444,59.514335,5297.7083,307.2912075,930.0218807,7.976739974,10.510994,2.8654227,0.84755661,53.568363,26.00128,224.86947,4.0579149,48.538296,4.5014521,0.39044285,9.7707047,0,0.20547879,0.23841137,1.4693037,3.271129176,42.28206654,28.71419152,5.5527008,59510.62508,200.8724208
1997,8.269788743,2.8728437,75.489912,10.417958,86.341446,10.398164,3.7691062,3.4559389,160.63531,180.149,29.550907,5288.9251,331.2889198,1204.992305,8.752584478,9.8242768,2.8566852,0.76826308,55.763481,29.370536,240.5221,4.6266327,58.758537,5.5717023,0.427562,9.7952259,4.96E-05,0.25820595,0.31501343,2.181991871,3.370247726,43.79037789,38.34138232,5.7834259,59728.37583,264.6751503
1998,8.412226876,2.9899069,72.916263,10.335348,86.348141,12.992477,3.9615346,2.9318362,156.67666,176.1082,23.412636,5175.5355,315.3326212,1085.430599,8.12678095,10.323837,2.701239,0.76943857,55.956781,28.471196,234.46613,6.9049469,70.049792,6.8917397,0.54029666,10.02529,0.000358349,0.60512272,0.38665542,1.540311971,3.223279605,44.25190188,37.8122783,5.6031107,58467.42012,232.3180182
1999,7.698162125,2.9607505,72.96355,10.216505,82.703538,14.054175,3.9749853,3.1538842,140.42544,168.37661,18.420173,5112.4264,309.4083709,940.700678,7.959936417,10.262658,2.1509855,0.7706312,58.338707,25.741051,252.31636,8.6848445,91.978363,7.9486502,0.7424207,10.07373,0.003108151,1.0699013,0.49435229,1.302641171,3.140593764,42.8015834,30.44917133,5.1676463,55393.79658,205.1118782
2000,7.457347232,2.8153943,72.651408,9.9231457,76.330076,9.4043884,3.9867142,2.3476518,122.76605,165.25876,19.471227,5074.2696,310.1868098,886.5647302,8.089603676,9.4801348,1.9694412,0.77151922,56.341686,25.730152,263.60627,10.640667,99.657424,8.5987563,0.86319988,9.2978389,0.034006926,1.411492,0.57423278,1.200610571,3.056132774,43.13233394,27.9819784,5.2735332,55530.93215,195.3241582
2001,7.591758769,3.0480682,70.656969,10.593275,68.271466,5.9590471,3.2771364,1.1600545,111.64066,165.599,19.806901,5094.2258,312.8963787,881.6703956,7.914093694,8.8337936,2.3248261,0.74608572,56.368781,24.490463,261.60586,11.075295,96.243251,9.8521252,0.94275566,8.9840003,0.80619906,1.6540309,0.63867332,0.961219671,3.09402268,43.25103023,27.87799844,5.3282102,55918.18999,196.1877828
2002,8.046474187,3.4534372,70.456674,11.982167,63.484809,3.1513602,2.420559,0.95011524,101.90454,161.14055,12.302716,5096.5932,322.2788312,970.7244172,8.163653262,8.3685909,2.2797577,0.67660085,50.843174,25.156097,270.32175,12.214474,102.73275,11.617585,1.2107813,9.7208997,2.9170651,2.8037817,0.73327062,1.070004171,3.179796714,43.79626008,33.80824329,5.4976481,55557.39102,218.4604141
2003,8.241697598,3.16329,69.839024,12.579882,62.277955,5.7693016,1.7336337,0.74505988,97.844828,158.92828,10.122917,5113.7538,328.1242242,944.7470786,8.320688555,8.0831154,2.0262772,0.60195554,44.441172,25.070909,287.30923,15.640539,117.40605,13.114832,1.560512,11.005369,5.226518,4.7856897,0.85366012,0.900496271,3.214171443,44.61511954,34.36218135,5.5417194,57507.02575,214.4033914
2004,8.542465507,2.2029533,66.998563,12.194883,60.966802,9.216749,1.4729969,0.75667708,87.654103,156.21655,9.7469995,5141.4447,338.9417722,945.5469501,8.845497794,7.5267646,2.1192661,0.55294607,49.135801,28.554887,307.57676,15.758879,125.65071,13.097501,2.0510461,12.712613,6.6512131,5.4873038,0.97410928,1.037584471,3.295254289,46.57470927,32.33033041,5.6480085,60199.84659,216.6872834
2005,8.840128386,1.9480504,63.195607,11.060838,60.331179,4.6297025,1.8139658,0.58070615,71.956593,154.12291,7.5405195,5209.9819,346.3955546,950.5924444,9.113626325,6.9433284,1.8947828,0.46971744,53.955471,33.447493,329.52471,16.143675,126.49199,12.434284,2.365528,14.626529,7.0791974,6.3606922,1.0845927,1.025036071,3.346809309,47.68848883,32.72399071,6.2799143,62441.57065,218.7880648
2006,8.92564815,2.045423,60.048081,10.21735,63.037203,0.6450641,1.7510311,0.58710647,65.575271,152.41471,9.3190485,5272.2746,356.4696896,986.1510089,9.445054263,6.3118449,1.5902358,0.43579597,51.911598,36.489809,346.30497,19.891066,133.41048,14.118518,2.3531588,12.639849,6.8754044,8.3862482,1.1852524,1.091981171,3.437823575,48.75128756,34.3551466,6.9409178,62899.01761,229.8954395
2007,9.284494092,1.7666158,57.257154,9.3272415,64.737513,4.5089203,1.5545493,0.78280059,61.623755,147.28895,9.6981304,5250.6823,355.0225755,945.8695944,9.641518037,5.7707437,1.7021554,0.59162888,49.953532,37.109679,357.26506,26.595246,127.25708,16.399738,2.4154053,9.3262891,6.6980995,8.4029745,1.2649376,0.965626871,3.298089962,50.31056985,33.27729799,6.9754073,62494.97804,219.7058707
2008,9.091850914,1.746034,56.837697,9.0353429,63.060877,8.3395339,1.9164483,0.45696793,57.108479,144.47281,6.337645,5191.6855,360.4917105,912.5104843,9.395784673,5.5737514,1.6171325,0.63840472,54.881457,33.091627,362.72449,30.815622,138.28669,17.544095,2.6196596,8.8123411,7.076053,10.669375,1.3164863,0.667933271,3.319157589,50.21044818,31.61901151,6.8835341,61132.58054,214.695495
2009,9.109514002,1.7995507,55.355253,9.6854874,60.065148,5.7877004,1.6755174,0.3835494,54.788238,144.24254,3.7694324,5145.2658,364.2003634,917.7292309,9.334197586,5.2570896,1.7272846,0.47723148,61.506343,32.081369,366.5558,33.926872,160.10848,21.142804,2.9666725,9.9336003,7.8522494,16.223306,1.4335012,0.754406171,3.356411096,48.58818303,31.77247637,7.159861,58583.94132,218.7581143
2010,9.665129376,1.7742176,56.090865,10.48947,58.86009,4.4070317,1.4644148,0.65896445,52.271203,142.6745,2.4614781,5179.9719,370.8962528,953.2286303,9.854682562,4.8975548,1.8511656,0.39655186,65.209531,29.851794,361.74691,35.069515,165.044,20.460881,3.1827017,11.247607,8.7778712,15.914528,1.3375544,0.884574071,3.354207294,49.46120823,34.61053251,7.2759031,58113.33717,224.6021121
2011,9.478876566,1.8467555,57.565927,11.056837,62.415615,4.6237938,2.0468287,0.85601742,52.120722,140.42156,3.0036158,5252.9333,372.6576832,906.7673675,10.16346253,4.3361773,2.096153,0.39105944,67.690592,28.645628,366.94427,43.330418,190.47655,22.158614,3.410604,12.498165,9.4654578,20.415233,1.1291345,0.913101271,3.324487144,50.68829646,32.51825927,7.4656928,58697.03673,218.628754
2012,9.705285171,1.794986,59.464919,9.6609456,70.235225,5.4529267,2.0520518,0.7168607,53.35878,136.71475,3.0096674,5232.3317,380.8097666,949.6022184,10.35106687,3.8379813,1.7328717,0.41594871,63.311547,25.468261,356.29002,45.81505,205.00564,21.423,3.2771162,12.591587,9.054248,24.0671,0.98551995,0.970101271,3.371418026,50.35853296,35.82690196,7.7062836,57789.65414,229.1069362
2013,9.560553735,1.6324652,62.512861,8.3027436,75.740842,6.5167934,1.9408617,0.61330322,54.819887,133.39273,1.8384424,5231.2321,381.5943928,901.2387566,10.57164846,3.5745493,0.96258078,0.44442215,59.817791,19.467118,342.89828,38.8888,202.01825,23.8069,2.9986006,11.604213,9.7859,21.452891,0.87225171,0.918101271,3.423975341,49.65762784,33.24556583,7.686158,57279.3532,219.3811793
2014,9.744379658,1.6517,53.5475,9.8735,54.9365,2.8024,1.6696,1.114899,28.9612,133.6791,1.2625,5358.4982,387.8735392,964.0476182,10.80844038,3.481,1.2299,0.3854,59.82,22.47,358.8813,57.1243,200.0249,25.2487,3.5393,12.991,10.1025,30.4858,1.1516,1.095101271,3.458102492,49.53118061,36.14582139,7.8784,56959.84513,233.525518
2015,9.727423577,1.57,47.5476,10.8699,43.5734,0.8742,1.6696,1.6714,14.6096,133.823,0,5404.8069,388.0727957,934.3498847,10.67801626,3.2933,1.3378,0.3481,59.82,22.47,358.8813,78.7906,201.9534,32.381,3.6633,14.4857,11.7285,38.5792,1.1516,0.959301818,3.468832476,49.49306309,34.74602423,8.02,50346.26276,227.2448193
2020,8.821519134,1.557,34.8954,10.780201,35.1105,0.411,0.89775727,1.3855073,6.0003,133.5851,0,5395.4898,388.0905727,882.5189619,11.08568997,2.1847,1.1071,0.279,64.934393,20.070778,322.60083,176.65396,267.1697,64.3393,5.6743848,2.6941,21.612956,7.1751,1.3081675,0.888927545,3.603401799,47.12174058,33.41476309,8.1357,40009.3057,218.8551347
2030,8.022439822,1.5496,18.7952,10.728401,22.7964,0.0909,0.2594467,0.95192085,1.0122,133.4496,0,5390.1094,400.4462451,849.8934867,11.85710797,0.9614,0.7583,0.1793,53.992384,11.628452,143.31023,227.19821,212.9992,81.423,5.4277819,0.5643,26.994483,1.5029,0.77252246,0.785832615,3.885331447,45.20766028,31.74097811,3.391,39435.93655,214.6058346
2040,7.273981058,1.4653,10.1234,10.145207,14.8012,0.0201,0.075055824,0.65442361,0.1707,131.9067,0,5329.5326,382.7967462,796.7439794,12.06897274,0.4231,0.5193,0.1153,31.766544,3.6001414,20.28877,215.71642,164.6281,80.1672,4.3528525,0.2726,26.869016,0.726,0.49291132,0.590266856,4.017406813,40.75699726,29.71473396,3.0215,33224.63313,208.8717357
2050,6.332579691,1.3666,5.4526,9.461613,9.6101,0.0044,0.021732582,0.44976238,0.0288,130.1002,0,5258.5274,357.1669388,731.2692655,11.85332456,0.1862,0.3557,0.0741,18.162426,1.0107539,1.8833129,190.35522,135.7388,72.147,3.5324422,0.1082,24.91547,0.2882,0.35807908,0.136613758,4.005686549,37.16009809,26.86687298,2.4938,26628.6716,197.1529845
2060,5.536410377,1.0957,2.9369,7.5863302,6.2396,0.001,0.006273323,0.30910175,0.0049,125.142,0,5063.7408,329.3214364,653.7747616,10.96267768,0.0819,0.2436,0.0476,10.38426,0.28377633,0.17484446,204.22963,138.6867,77.8515,3.3103077,0.0575,27.843954,0.1531,0.33118631,-0.419976886,3.888455876,33.97071081,24.08939341,2.1975,22982.9285,179.6069539
2070,4.671360021,0.9069,1.5818,6.2791422,4.0512,2.00E-04,0.001792378,0.21239756,8.00E-04,121.6865,0,4927.9626,316.6390397,577.6097427,9.609663745,0.0361,0.1668,0.0306,5.9372433,0.079630696,0.016253147,211.74701,141.4817,82.0673,3.0412755,0.0291,29.932245,0.0775,0.30834587,-0.603051387,3.674327164,30.62257239,21.12855895,1.7759,20940.898,162.3620867
2080,3.790080811,0.5619,0.852,3.8900642,2.6304,0,0.000448094,0.14593541,1.00E-04,115.372,0,4679.8078,302.9072835,500.6184377,7.319556394,0.0159,0.1143,0.0197,3.3946516,0.022401243,0.001477559,214.85914,146.5389,84.1552,2.8179415,0.0143,31.353172,0.0381,0.29373291,-0.926548596,3.297821047,28.67190361,18.12670106,1.2753,19237.87149,146.5635657
2090,3.023978488,0.4983,0.4589,3.4500683,1.7078,0,0.000224047,0.1002207,0,114.208,0,4634.1052,298.816324,428.446884,4.45210679,0.007,0.0783,0.0126,1.9408441,0.00629524,0.000164173,220.63457,156.7853,86.3431,2.7038757,0.0071,33.229689,0.0189,0.29176814,-1.177396938,3.031173961,26.42687205,15.69485315,0.8766,16567.49708,130.5978594
2100,2.650956545,0.4686,0.2461,3.2441702,1.1067,0,0,0.068572059,0.012,113.6644,0,4612.7185,295.1529366,384.9213039,2.640779671,0.008,0.0536,0.0081,1.2003525,0.020929628,0.009029526,208.42816,153.7228,81.5636,2.4095355,0,32.131009,0,0.2692961,-1.309111901,2.778991313,24.72485963,14.53966565,0.7922,15399.17011,120.6987505
2110,2.554934899,0.43736,0.229693333,3.027892187,1.03292,0,0,0.064000588,0.0112,106.0867733,0,4305.203933,283.6162471,373.9724106,2.639275946,0.007466667,0.050026667,0.00756,1.120329,0.019534319,0.008427558,194.5329493,143.4746133,76.12602667,2.2488998,0,29.98894173,0,0.251343027,-1.047289521,2.745687742,23.41254407,14.28384657,0.739386667,14440.20135,115.3369708
2120,2.458913253,0.40612,0.213286667,2.811614173,0.95914,0,0,0.059429118,0.0104,98.50914667,0,3997.689367,272.0795577,363.0235173,2.637772222,0.006933333,0.046453333,0.00702,1.0403055,0.018139011,0.007825589,180.6377387,133.2264267,70.68845333,2.0882641,0,27.84687447,0,0.233389953,-0.78546714,2.712384171,22.10022851,14.02802749,0.686573333,13481.2326,109.9751912
2130,2.362891607,0.37488,0.19688,2.59533616,0.88536,0,0,0.054857647,0.0096,90.93152,0,3690.1748,260.5428682,352.0746241,2.636268497,0.0064,0.04288,0.00648,0.960282,0.016743702,0.007223621,166.742528,122.97824,65.25088,1.9276284,0,25.7048072,0,0.21543688,-0.52364476,2.679080601,20.78791294,13.77220842,0.63376,12522.26384,104.6134116
2140,2.266869961,0.34364,0.180473333,2.379058147,0.81158,0,0,0.050286177,0.0088,83.35389333,0,3382.660233,249.0061787,341.1257308,2.634764772,0.005866667,0.039306667,0.00594,0.8802585,0.015348394,0.006621652,152.8473173,112.7300533,59.81330667,1.7669927,0,23.56273993,0,0.197483807,-0.26182238,2.64577703,19.47559738,13.51638934,0.580946667,11563.29509,99.25163193
2150,2.170848315,0.3124,0.164066667,2.162780133,0.7378,0,0,0.045714706,0.008,75.77626667,0,3075.145667,237.4694893,330.1768375,2.633261048,0.005333333,0.035733333,0.0054,0.800235,0.013953085,0.006019684,138.9521067,102.4818667,54.37573333,1.606357,0,21.42067267,0,0.179530733,0,2.61247346,18.16328182,13.26057026,0.528133333,10604.32633,93.8898523
2160,2.074826669,0.28116,0.14766,1.94650212,0.66402,0,0,0.041143235,0.0072,68.19864,0,2767.6311,225.9327998,319.2279443,2.369934943,0.0048,0.03216,0.00486,0.7202115,0.012557777,0.005417716,125.056896,92.23368,48.93816,1.4457213,0,19.2786054,0,0.16157766,0,2.579169889,16.85096626,13.00475118,0.47532,9645.357579,88.52807267
2170,1.978805023,0.24992,0.131253333,1.730224107,0.59024,0,0,0.036571765,0.0064,60.62101333,0,2460.116533,214.3961103,308.279051,2.106608838,0.004266667,0.028586667,0.00432,0.640188,0.011162468,0.004815747,111.1616853,81.98549333,43.50058667,1.2850856,0,17.13653813,0,0.143624587,0,2.545866318,15.5386507,12.74893211,0.422506667,8686.388825,83.16629303
2180,1.882783377,0.21868,0.114846667,1.513946093,0.51646,0,0,0.032000294,0.0056,53.04338667,0,2152.601967,202.8594209,297.3301577,1.843282733,0.003733333,0.025013333,0.00378,0.5601645,0.00976716,0.004213779,97.26647467,71.73730667,38.06301333,1.1244499,0,14.99447087,0,0.125671513,0,2.512562748,14.22633513,12.49311303,0.369693333,7727.42007,77.8045134
2190,1.786761731,0.18744,0.09844,1.29766808,0.44268,0,0,0.027428824,0.0048,45.46576,0,1845.0874,191.3227314,286.3812645,1.579956629,0.0032,0.02144,0.00324,0.480141,0.008371851,0.00361181,83.371264,61.48912,32.62544,0.9638142,0,12.8524036,0,0.10771844,0,2.479259177,12.91401957,12.23729395,0.31688,6768.451316,72.44273377
2200,1.690740085,0.1562,0.082033333,1.081390067,0.3689,0,0,0.022857353,0.004,37.88813333,0,1537.572833,179.7860419,275.4323712,1.316630524,0.002666667,0.017866667,0.0027,0.4001175,0.006976543,0.003009842,69.47605333,51.24093333,27.18786667,0.8031785,0,10.71033633,0,0.089765367,0,2.445955606,11.60170401,11.98147488,0.264066667,5809.482562,67.08095413
2210,1.594718439,0.12496,0.065626667,0.865112053,0.29512,0,0,0.018285882,0.0032,30.31050667,0,1230.058267,168.2493525,264.4834779,1.053304419,0.002133333,0.014293333,0.00216,0.320094,0.005581234,0.002407874,55.58084267,40.99274667,21.75029333,0.6425428,0,8.568269067,0,0.071812293,0,2.412652036,10.28938845,11.7256558,0.211253333,4850.513807,61.7191745
2220,1.498696793,0.09372,0.04922,0.64883404,0.22134,0,0,0.013714412,0.0024,22.73288,0,922.5437,156.712663,253.5345847,0.789978314,0.0016,0.01072,0.00162,0.2400705,0.004185926,0.001805905,41.685632,30.74456,16.31272,0.4819071,0,6.4262018,0,0.05385922,0,2.379348465,8.977072886,11.46983672,0.15844,3891.545053,56.35739487
2230,1.402675147,0.06248,0.032813333,0.432556027,0.14756,0,0,0.009142941,0.0016,15.15525333,0,615.0291333,145.1759735,242.5856914,0.52665221,0.001066667,0.007146667,0.00108,0.160047,0.002790617,0.001203937,27.79042133,20.49637333,10.87514667,0.3212714,0,4.284134533,0,0.035906147,0,2.346044895,7.664757324,11.21401765,0.105626667,2932.576299,50.99561523
2240,1.306653501,0.03124,0.016406667,0.216278013,0.07378,0,0,0.004571471,0.0008,7.577626667,0,307.5145667,133.6392841,231.6367981,0.263326105,0.000533333,0.003573333,0.00054,0.0800235,0.001395309,0.000601968,13.89521067,10.24818667,5.437573333,0.1606357,0,2.142067267,0,0.017953073,0,2.312741324,6.352441763,10.95819857,0.052813333,1973.607544,45.6338356
2250,1.210631855,0,0,0,0,0,0,0,0,0,0,0,122.1025946,220.6879049,0,0,0,0,0,0,0,0,0,0,0,0,0,0,0,0,2.279437753,5.040126201,10.70237949,0,1014.63879,40.27205597
2260,1.210631855,0,0,0,0,0,0,0,0,0,0,0,122.1025946,220.6879049,0,0,0,0,0,0,0,0,0,0,0,0,0,0,0,0,2.279437753,5.040126201,10.70237949,0,1014.63879,40.27205597
2270,1.210631855,0,0,0,0,0,0,0,0,0,0,0,122.1025946,220.6879049,0,0,0,0,0,0,0,0,0,0,0,0,0,0,0,0,2.279437753,5.040126201,10.70237949,0,1014.63879,40.27205597
2280,1.210631855,0,0,0,0,0,0,0,0,0,0,0,122.1025946,220.6879049,0,0,0,0,0,0,0,0,0,0,0,0,0,0,0,0,2.279437753,5.040126201,10.70237949,0,1014.63879,40.27205597
2290,1.210631855,0,0,0,0,0,0,0,0,0,0,0,122.1025946,220.6879049,0,0,0,0,0,0,0,0,0,0,0,0,0,0,0,0,2.279437753,5.040126201,10.70237949,0,1014.63879,40.27205597
2300,1.210631855,0,0,0,0,0,0,0,0,0,0,0,122.1025946,220.6879049,0,0,0,0,0,0,0,0,0,0,0,0,0,0,0,0,2.279437753,5.040126201,10.70237949,0,1014.63879,40.27205597
